title,who,what,keywords_textrank
'돼지 신장' 이식 받은 50대 뇌사자…32일 넘게 정상기능 [헬스케어 인사이드],미국 바이오기업인 리비비코어(Revivicor)에서 공급했습니다. 이 회사는 2020년 12월 미국 식품의약국,뇌사로 장기기증,"['미국', '뇌사', '이식', '정상', '약국', '기능', '스케', '코어', '비비', '인사', '식품', '이드', '공급', '기업인', '회사', '바이오', '신장', '돼지', '장기기증']"
광주에서 부전까지 두 시간이면 간다,국가철도공단,경전선의 유일한 비전철구간인 광주역과 순천역 사이를 전철화로 개량,"['전철', '광주', '간다', '국가', '이면', '철도', '공단', '사이', '경전선', '순천역', '구간', '화로', '부전', '개량']"
"트럼프 기소 권고한 美 조지아주 대배심들 ""신변 위협 느껴""",조지아주 풀턴카운티 검찰,도널드 트럼프 미국 전 대통령의 2020년 조지아주 대선 개입 혐의,"['조지아주', '트럼프', '대선', '검찰', '대통령', '도널드', '카운티', '풀턴', '권고', '미국', '위협', '대배심', '신변', '개입', '기소', '혐의']"
"농심, 전남 완도군과 42년째 인연…햇다시마 355t 구매",농심농심,전남 완도군 다시마 경매 현장,"['농심', '다시마', '완도군', '전남', '인연', '구매', '경매', '현장']"
"""교육 방법을 혁신하자""…교수설계 경연 진행한 북한",북한 노동당 ,"교육부문에서 우수한 교육 방법을 창조 도입하기 위한 사업이 힘있게 벌어지고 있다""며 ""얼마 전에도 교육위원회에서는 교원양성부문 대학들의 교수설계 경연을 조직했다""라고 보도했다. 사진은 김형직사범대학. [국내에서만 사용가능. 재배포 금지. DB 금지. For Use Only in the Republic of Korea","['교육', '대학', '경연', '교수설계', '부문', '북한', '방법', '금지', '배포', '가능', '사용', '국내', '사진', '사범', '김형직', '보도', '조직', '사업', '창조', '도입', '위원회', '교원양성', '진행', '혁신', '노동당']"
"'6관왕→발롱도르→월드컵' 모든 걸 가진 메시, ""발롱도르 욕심 없다…PSG 이적은 불행""",MLS 사무국,신종 코로나 바이러스 팬데믹,"['발롱도르', '코로나', '신종', '사무국', '불행', '월드컵', '이적', '욕심', '메시', '모든', '바이러스', '팬데믹', '관왕']"
"에픽게임즈, 에픽 온라인 서비스 ‘콘솔 크로스 플레이’ 무료 지원",언리얼엔진을 쓰는 게임 개발자,"에픽 온라인 서비스는 현재 수백 개의 게임에서 대규모로 사용되고 있다. 사용 중인 게임엔진에 상관없이 게임 개발을 지원하고, 모든 스토어와 플랫폼에 배포할 수 있다.","['게임', '지원', '에픽', '서비스', '온라인', '사용', '스토어', '모든', '무료', '플레이', '개발', '크로스', '플랫폼', '언리얼엔진', '콘솔', '게임엔진', '중인', '대규모', '수백', '현재', '개발자', '배포']"
"이상민 행안부 장관, 제2회 지방세발전위 회의",행정안전부 ,뉴시스가 독자 여러분의 소중한 제보를 기다립니다. 뉴스 가치나 화제성이 있다고 판단되는 사진 또는 영상을 뉴시스 사진영상부(n-photo@newsis.com)로 보내주시면 적극 반영하겠습니다.,"['뉴시스', '사진', '장관', '지방세', '발전', '상부', '회의', '행정안전부', '뉴스', '가치나', '독자', '제보', '화제', '판단', '영상', '행안부', '적극', '이상민', '반영']"
"신진서 9단, 셰커와 응씨배 결승 3국…21일부터 격돌",중국,신종 코로나바이러스 감염증,"['응씨배', '신종', '결승', '중국', '격돌', '셰커', '코로나바이러스', '신진서', '감염증']"
"신한은행-아동권리보장원-굿네이버스, 청소년 자립 지원 금융교육 '맞손'","아동권리보장원, 굿네이버스",아동양육시설 청소년들의 안전한 자립,"['보장', '굿네이버스', '아동권리', '청소년', '자립', '금융', '지원', '교육', '시설', '양육', '아동', '신한은행']"
"[김문환의 세계사] 함무라비 법전, 판결 오류 판사 12배 배상에 영구 추방",귀족이나 부유층,국내 대기업과 미국 기업의 특허 분쟁,"['함무라비', '기업', '법전', '미국', '판결', '대기업', '오류', '국내', '판사', '부유', '배상', '귀족', '추방', '영구', '세계사', '특허', '환의', '분쟁']"
말레이 여객기 도로에 수직 추락…엄청난 화염 치솟았다,말레이시아 ,말레이시아 소형여객기 추락 사고 ,"['여객기', '추락', '말레이시아', '도로', '수직', '화염', '소형', '말레이', '사고']"
"마이크로닉스, PNY 지포스 RTX 40 구매 대상 ‘오버워치 2 인베이전 얼티밋 번들’ 증정",한미마이크로닉스,오버워치 2 인베이전 ,"['오버', '닉스', '워치', '마이크로', '인베이전', '한미', '증정', '지포스', '얼티밋', '구매', '대상']"
서울 오후 2시 서북권·서남권 오존주의보 발령,서울보건환경연구원,오존 주의보,"['오존', '서울', '주의보', '서북', '서남', '보건', '환경', '연구원', '발령', '오후']"
"칭따오, 프로 스포츠부터 생활 스포츠까지...스포츠 마케팅 강화",칭따오,엔데믹,"['스포츠', '칭따오', '강화', '마케팅', '생활', '프로', '엔데믹']"
"윤진호 교촌에프앤비 대표, 쿨코리아 챌린지 동참",한국에너지관리공단,"폭염, 폭우 등 기후 위기 ","['에프', '폭우', '앤비', '폭염', '대표', '공단', '관리', '코리아', '린지', '에너지', '동참', '한국', '교촌', '기후', '윤진호', '위기']"
"[뉴스현장] 계속 드러나는 LH 부실 원인들…경찰, 본사 압수수색",LH ,철근누락 사태 ,"['계속', '철근', '부실', '압수수색', '경찰', '본사', '현장', '누락', '뉴스', '사태']"
'청계 SK뷰' 108가구 분양…22일 1순위 청약 접수,SK에코플랜트,청계 SK뷰 ,"['청계', '에코', '분양', '순위', '접수', '청약', '가구', '플랜트']"
"'김포전 상대 전적 우위' 충북청주, 안방에서 10G 연속 무패행진 도전",한국프로축구연맹 ,김포의 맞대결은 많은 팬들의 이목을 집중시킬 전망이다. 한편 충북청주는 8월 첫 홈경기를 맞아 다채로운 이벤트를 준비했다. 경기 당일 오후 6시 30분부터 서문 블루스토어 부스에서 팬 사인회가 진행된다. 2023 청원생명축제 ,"['충북', '경기', '청주', '김포', '청원', '진행', '사인회', '부스', '스토어', '블루', '서문', '한국', '도전', '행진', '프로축구', '연맹', '무패', '대결', '오후', '이목', '집중', '연속', '당일', '전적', '전망', '생명', '우위', '안방', '한편', '준비']"
소나기에도 체감 33도 무더위 계속…서울 30㎜·대구 60㎜ [내일날씨],황덕현 ,폭염,"['무더위', '날씨', '계속', '대구', '서울', '체감', '황덕현', '소나기', '폭염']"
"""의약품 부작용 피해구제 신청방법, 약 봉투로 확인 가능""",대한약사회 ,"정상적인 의약품 사용에도 불구하고 사망, 장애, 질병 ","['의약품', '사망', '불구', '사용', '구제', '피해', '신청', '방법', '봉투', '확인', '정상', '가능', '사회', '장애', '부작용', '질병']"
"김희선 '6년 경력 단절' 심경 ""애 젖병 물리면서..나이 먹고 늙어 위축됐다""(유퀴즈)[종합]",품위 있는 그녀,경력 단절 공포,"['경력', '단절', '위축', '퀴즈', '나이', '종합', '젖병', '품위', '그녀', '심경', '김희선', '공포']"
"[스브스픽] ""빨리 내려!"" 순식간에 버스 집어삼킨 거대한 불길",부아노스아이레스 경찰,고속도로에 멈춘 버스에서 불이 나기 시작하더니 연료까지 새어 나와 거대한 불길이 도로 전체를 집어삼킵니다.현지시간 16일 아르헨티나 부에노스아이레스의 한 고속도로 CCTV 화면입니다.도로를 달리던 버스에서 갑자기 불이 나기 시작하면서 타고 있던 수십 명의 승객들이 긴급 대피,"['버스', '불길', '고속도로', '시작', '도로', '나기', '승객', '명의', '수십', '타고', '긴급', '아르헨티나', '현지', '노스', '부에노스아이레스', '이레', '전체', '부아', '경찰', '화면', '연료', '갑자기', '순식간', '대피', '스브스픽']"
"박세리 인비테이셔널 12년 역사 '굿바이', OK금융그룹 읏맨오픈으로 새출발한다",OK금융그룹,읏뜸그라운드,"['그룹', '금융', '굿바이', '출발', '오픈', '역사', '읏뜸', '박세리', '라운드']"
"밀리의 서재, 김대호 아나운서 포토 에세이 ‘김대호의 사진 일기’ 연재",서영택,"평일에는 MBC 아나운서, 주말에는 인왕산 자연인으로 살아가는 이야기를 생생하게 담아낼 예정이다. 김대호가 직접 촬영한 사진과 위트 넘치는 글이 더해져 보고 읽는 재미를 전해준다.최근 공개된 1화에서는 ‘나 혼자 산다’에서 소개했던 사적 모임 ‘동대문 사단’과 펜션에서 보낸 2박의 이야기","['김대호', '아나운서', '사진', '이야기', '모임', '사적', '사단', '소개', '동대문', '산다', '공개', '펜션', '최근', '재미', '보고', '위트', '자연인', '주말', '평일', '인왕산', '서영택', '연재', '예정', '일기', '촬영', '직접', '에세이', '포토', '박의', '서재']"
이동관 방통위원장 후보자 청문회…'아들 학폭' 공방,강변 아닌가 싶다”고 덧붙였다.앞서 이 후보자는 입장문을 내고 아들의 학폭 의혹을 반박했다. 이 후보자는 “물리다툼은 있었으나 일방가해는 아니며 이후 사과와 화해가 이뤄졌다”고 밝힌바 있다. 강득구 민주당 ,학폭 ,"['후보자', '학폭', '아들', '이후', '화해', '사과', '원장', '가해', '일방', '강득구', '다툼', '물리', '청문회', '반박', '앞서', '의혹', '강변', '입장', '방통위', '민주당', '이동관']"
"모모랜드 나윤, 명지대 예술학부 졸업",명지대학교명지대학교,서울공연예술고등학교 방송연예과,"['명지대', '학교', '고등학교', '공연예술', '서울', '예술', '졸업', '학부', '방송', '나윤', '연예', '랜드']"
"[사설]부동산발 위기경보 울리는 중국경제, 남의 일 아니다",중국,리먼 브라더스 사태,"['중국', '위기', '리먼', '경보', '경제', '부동산', '브라더스', '사설', '사태']"
여자배구 대표팀 반등의 핵심 과제…김연경 없이도 '자신감' 올려라,김연경 ,"배구 여제 김연경이 국가대표팀을 은퇴하면서 전력 공백이 생겼고, 그러면서 자신감을 잃은 게 약점으로 지목됐다. 한 번 자신감을 잃은 뒤엔 코트 안 리더가 부족해 자신감을 되찾지 못하고 무너지는 악순환이 반복","['자신감', '김연경', '반등', '핵심', '과제', '은퇴', '전력', '공백', '국가대표팀', '리더', '대표팀', '약점', '코트', '여제', '지목', '배구', '악순환', '여자배구', '반복']"
"미국, ‘북한-러시아 무기 거래’ 관련 3개 기관에 제재…“우크라전쟁 지원 색출”",러시아 ,우크라이나 전쟁 ,"['러시아', '전쟁', '무기', '관련', '거래', '기관', '제재', '색출', '지원', '북한', '우크라이나', '미국']"
"탁구 조승민, 생애 첫 남자단식 세계 30위 진입",중국,월드테이블테니스(WTT) 컨텐더 리우데자네이루 2023 대회 결과에 따른 것이다. 조승민은 이 대회 4강에 진출했다. 조승민은 4강에서 마츠시마 소라(일본)에게 져 결승 진출에는 실패,"['조승민', '대회', '진출', '진입', '중국', '세계', '단식', '월드', '테이블테니스', '생애', '결승', '남자', '컨텐더', '일본', '소라', '리우데자네이루', '츠시마', '결과', '실패', '탁구']"
"KOVO 컵대회, 지난해보다 시청률‧관중 소폭 감소",한국배구연맹 ,남녀 대표팀의 국제대회 실패,"['대회', '국제', '시청률', '관중', '대표팀', '남녀', '감소', '연맹', '한국', '배구', '지난해', '실패']"
"대구 찾은 김오진 국토부 차관 ""노후 산업단지 재생사업 적극 추진""",국토교통부 ,산업단지 조성 후 오랜 시간이 경과함에 따라 기반시설의 노후화로 정주여건이 악화되고 생산성이 저하,"['노후', '산업', '악화', '여건', '정주', '차관', '화로', '기반시설', '적극', '국토교통부', '조성', '추진', '사업', '경과', '재생', '생산', '국토부', '저하', '대구']"
"꼬모드빈티지, KM차트 협찬 기념 전 제품 최대 50% 할인 이벤트",꼬모드빈티지,KM차트 협찬,"['꼬모드빈티', '협찬', '차트', '최대', '할인', '제품', '기념', '이벤트']"
"'반바지 전통의상+맥주? 난감하네' 뮌헨 입단 후 알게된 '연례행사 의무참석' 규칙, 케인은 그저 웃지요",바이에른 뮌헨,독일 전통의상인 반바지를 입고 커다란 맥주잔부터 들어 올려야 한다,"['뮌헨', '전통의상', '반바지', '의무', '참석', '행사', '규칙', '연례', '케인', '입단', '바이에른', '맥주', '독일', '맥주잔']"
"“부킹전쟁 끝”, 지방 향하던 수도권 골퍼 복귀 중…전년대비 수도권 골프장 이용 7% 증가",엑스골프 회원,부킹전쟁,"['수도권', '부킹', '전쟁', '엑스', '증가', '골프', '이용', '회원', '골프장', '대비', '골퍼', '지방', '복귀']"
"롯데리아, AI 기술 적용한 지올팍(Zior Park) 버거 뮤직(BGM) 음원 공개",롯데리아,AI 기술을 활용한 새로운 마케팅 캠페인,"['기술', '롯데리아', '활용', '뮤직', '버거', '음원', '적용', '공개', '마케팅', '캠페인']"
"‘RETECH 2023 제16회 폐기물, 자원순환산업전’ 킨텍스서 8월 30일 개막",한국폐기물협회와 수도권매립지관리공사,"폐기물, 자원순환산업전","['폐기물', '자원', '순환', '산업', '협회', '수도권매립지', '관리', '한국', '공사', '개막', '킨텍스']"
"[단독]송호준 에코프로 대표, 임원들에게 “자사주 매각자제·사전통보해달라” [투자360]",에코프로그룹 ,스톡옵션,"['에코', '프로', '매각', '사주', '자제', '임원', '통보', '대표', '투자', '그룹', '송호', '단독', '스톡옵션']"
"지란지교데이터-하나시스, 정보보호 환경 구축 위해 맞손",하나시스,키오스크 정보유출과 해킹,"['시스', '정보', '오스', '정보보호', '위해', '환경', '구축', '유출', '데이터', '해킹', '지란']"
"휴젤, 히알루론산필러 ‘레볼렉스’ 태국 품목허가 획득",태국 식약처,태국 ,"['태국', '볼렉스', '품목', '획득', '허가', '필러', '식약처', '히알루론산']"
"‘바렛 18점’ 캐나다, 디펜딩 챔피언 스페인 연장 접전 끝 격파[FIBA]",캐나다 농구 대표팀 공식 SNS 제공RJ 바렛(23·뉴욕 닉스)이 두 경기 연속 캐나다,김하영 기자 hayoung0719@kyunghyang.com,"['캐나다', '바렛', '연속', '연장', '스페인', '닉스', '경기', '뉴욕', '접전', '챔피언', '제공', '격파', '공식', '대표팀', '농구', '디펜딩', '김하영', '기자']"
"윤 대통령, 미국 워싱턴 도착…바이든, 부친상 위로 전화",안보 동맹,하와이 마우이 산불,"['워싱턴', '하와이', '동맹', '도착', '바이든', '안보', '부친상', '전화', '위로', '미국', '마우이', '대통령', '산불']"
"[경남소식] 부마민주항쟁기념재단, 학생 10명에 장학금 지원",부마민주항쟁기념재단,민주화운동 ,"['부마', '재단', '민주', '기념', '항쟁', '장학금', '학생', '지원', '소식', '민주화', '경남', '운동']"
"한국사이버안보학회, 제3차 국가전략포럼 개최",한국사이버안보학회(KACS) 국가전략위원회,파이브 아이즈 정보동맹,"['전략', '국가', '학회', '안보', '사이버', '아이즈', '한국', '파이브', '위원회', '정보', '포럼', '개최', '동맹']"
"'배 침몰' 발언 이철규 ""그럼 당 욕하는 걸 박수쳐야 하나""",같은 당의 구성원,배를 침몰,"['침몰', '이철규', '박수', '발언', '구성원']"
"中 부동산, 美 고금리…尹정부 인식도 대응도 안이하다[사설]",중국,차이나 리스크,"['정부', '중국', '인식', '사설', '대응', '금리', '차이나', '부동산', '리스크']"
"""꽃 축제는 어디로?"" 네이버에서 지역뉴스 쉽게 본다",네이버,김혜진 네이버 뉴스 리더,"['네이버', '뉴스', '지역', '김혜진', '축제', '리더']"
"‘마스크걸’ 고현정 “3인 1역, 이렇게 파격적 작품은 처음”",마스크걸,살인혐의,"['마스크', '처음', '파격', '작품', '살인', '고현정', '혐의']"
‘한국형 리퍼’ 대북 정찰 ‘중고도 무인기’ 2028년까지 양산…“9800억 원 투입”,방위사업청,대북 감시 ,"['대북', '방위사업청', '정찰', '양산', '투입', '무인기', '중고', '리퍼', '한국', '감시']"
"금융보안원, '코리아 핀테크 위크 2023' 참가",금융위원회와 한국핀테크지원센터,디지털 금융·사이버 보안 이슈 ,"['금융', '테크', '보안', '사이버', '디지털', '지원', '센터', '한국', '위원회', '참가', '코리아', '이슈']"
"스텔란티스코리아, 8월 ‘푸조 주요 차종 시승 이벤트’ 개최","스텔란티스코리아, 8월 ‘푸조 ",오는 19일 전국 푸조 전시장에서 주요 차종 시승 이벤트를 연다고 18일 밝혔다.이달 스텔란티스가 개최하는 ‘푸조 카페 데이,"['푸조', '란티스', '스텔', '차종', '개최', '주요', '이벤트', '코리아', '전시장', '전국', '연다', '카페', '데이']"
[그래픽] 북한 주요 식품 가격 추이,국가정보원,"아사자는 지난 5년간 같은 기간의 2배에 이르는 것으로 국가정보원은 추정했다. 북한은 최근 5년간 1분기 기준 밀가루, 설탕 등 식품물가가 크게 치솟았다","['식품', '국가정보원', '북한', '설탕', '주요', '밀가루', '기준', '최근', '가격', '추이', '추정', '아사자', '기간', '지난', '물가', '크게', '그래픽']"
"SKT, 블록체인 폴리콘랩스와 '맞손'…""웹3 생태계 조성""",폴리곤랩스,웹3,"['폴리콘랩스', '조성', '생태계', '체인', '폴리곤', '블록', '랩스']"
"CJ제일제당-카카오헬스케어, '당 관리' 식품 개발 협력",카카오헬스케어,kr,"['카카오', '스케', '식품', '개발', '관리', '협력', '제일제당']"
올림픽 유도金 하형주 체육공단 감사 단독 인터뷰 [이종세의 스포츠 코너],기획조정실,내부 직원들의 거액 횡령 등 불미스러운 사건,"['하형주', '횡령', '체육', '거액', '공단', '직원', '감사', '내부', '단독', '정실', '기획', '인터뷰', '이종', '코너', '스포츠', '유도', '불미', '올림픽', '사건']"
"김재중, 주량 공개 ""소주 97병에 복분자주, 위스키까지…기억도 다 나"" (재친구)",우하머그 ,부산국제영화제,"['공개', '부산', '소주', '친구', '복분자주', '기억', '위스키', '주량', '국제', '김재중', '영화제']"
"썬앳푸드, 아메리칸 패밀리 레스토랑 `캐롤스` 오픈…잠실 롯데월드몰 입점",㈜ 썬앳푸드,캐롤이라는 친구의 집,"['푸드', '썬앳', '오픈', '롤스', '잠실', '레스토랑', '롯데', '패밀리', '월드', '아메리칸', '입점', '캐롤', '친구']"
"국정원 ""평양 인근 폭탄 테러 파악된 바 없어…관련 동향 추적""",국가정보원 ,폭발물 테러,"['테러', '인근', '폭탄', '추적', '국가정보원', '파악', '동향', '관련', '평양', '폭발물', '국정원']"
중국 부동산 자산만 '1경 8000조 원'인데...세계 경제에 '빨간불' [Y녹취록],중국 정부,리먼브라더스 사태,"['중국', '리먼', '정부', '세계', '녹취록', '자산', '경제', '브라더스', '부동산', '사태']"
"'스텔라라 시밀러' 특허갈등 소멸..셀트·동아ST ""이상無""",인타스),2건의 자사 특허를 침해,"['특허', '자사', '갈등', '인타', '건의', '셀트', '소멸', '동아', '밀러', '스텔라', '침해']"
‘실축할 뻔했던 마지막 키커’ 카일 워커의 고백 “사실 승부차기 차기 싫었어”,맨시티,사적으로도 바람을 피운 사실이 아내에게 발각,"['사실', '카일', '워커', '고백', '바람', '맨시티', '승부차기', '사적', '차기', '마지막', '아내', '실축', '발각']"
"[할리웃POP]브리트니, 불륜 적발..결혼 14개월만 이혼 당했다",불륜 ,브리트니의 불륜 ,"['불륜', '브리트니', '결혼', '개월', '적발', '이혼', '할리웃']"
"""마이데이터, 2025년부터 본격 시행""",마이데이터제도가 2025년 도입된다.정부,마이데이터제도,"['마이', '데이터', '제도', '도입', '정부', '본격', '시행']"
"'MSCI 지수 편입' 한미반도체, 18% 급등…사상 최고가 경신[핫종목]",모건스탠리캐피털인터내셔널,회생,"['한미', '캐피털', '모건스탠리', '반도체', '급등', '종목', '사상', '경신', '최고', '편입', '인터내셔널', '지수', '회생']"
"세일즈포스, 영업일 돕는 '슬랙 세일즈 엘리베이트' 출시",세일즈포스,일반적으로 영업부 직원은 실질적인 영업 활동을 제대로 하지 못한 것으로 나타났다,"['영업', '포스', '엘리', '슬랙', '베이트', '실질', '출시', '일반', '직원', '활동', '영업일', '제대로']"
"브라질 해커 ""보우소나루 전 대통령, 투표기 해킹 의뢰""",브라질 연방경찰,의회 습격 사건,"['브라질', '의회', '경찰', '연방', '나루', '보우', '대통령', '투표', '의뢰', '해킹', '습격', '해커', '사건']"
"고양시 “대한민국 독서대전, 콘텐츠 공유하면 치킨 증정” 이벤트",고양시,2023 대한민국 독서대전 고양,"['독서', '대전', '대한민국', '고양시', '치킨', '공유', '증정', '콘텐츠', '이벤트', '고양']"
"'백현동' 의혹 이재명 ""구속영장 청구하면 제 발로 법원 나가겠다""",더불어민주당 ,백현동 특혜 의혹 사건,"['의혹', '백현동', '특혜', '청구', '민주당', '구속영장', '법원', '이재명', '사건']"
"HMM, 코로나 이후 첫 어린이 상선체험 재개",코로나19,코로나19,"['코로나', '상선', '어린이', '체험', '재개', '이후']"
"현대그린푸드, 시니어 배송원 통해 간편식 배송 …""노인 일자리 창출""",현대백화점그룹 ,직장인 점심 식사 배송,"['배송', '현대', '직장인', '그룹', '점심', '백화점', '푸드', '시니어', '일자리', '노인', '통해', '간편식', '그린', '식사']"
"서울신라호텔, 세계 3대 아트페어와 아트캉스 공개",프리즈,2023 프리즈 서울,"['아트', '프리즈', '호텔', '세계', '서울', '페어', '캉스', '공개', '신라']"
"K리그 외국인 최다 득점자 데얀, 은퇴 선언…""25년 현역 생활 마무리""",한국 ,한국 ,"['득점', '데얀', '은퇴', '선언', '현역', '생활', '마무리', '한국', '외국인', '리그']"
"어차피 1R 지명권은 없다. 그렇다면 적토망아지? … LG, ‘외야 최대어’ 이승민 지명할까 [FN 아마야구]",LG,예기치 못하게 밀리는 사례,"['지명', '아마', '적토', '이승민', '외야', '망아지', '최대', '야구', '사례', '어차피']"
박병곤 판사님 이쯤 되면 입장이라도 밝히시지요! [기자수첩-사회],대법원,노무현 전 대통령 부부 명예훼손 혐의,"['이쯤', '부부', '대통령', '입장', '기자', '노무현', '수첩', '대법원', '사회', '판사', '명예훼손', '박병곤', '혐의']"
생성AI·X·LK99…유행 타는 '밈코인' 투자 유의,트위터,'페페(PEPE)' 등 비트코인 블록체인 표준인 BRC-20 기반 밈코인이 득세했기 때문이다. BRC-20을 토대로 만들어진 비트코인 NFT의 등장,"['비트코인', '투자', '유의', '트위터', '토대', '페페', '득세', '밈코인', '기반', '때문', '표준', '블록', '체인', '밈코', '유행', '등장']"
"사우디 빈살만 왕세자, 수낵 총리 공식 초청에 영국 간다",영국과 사우디 ,카슈끄지 살해,"['영국', '사우디', '수낵', '왕세자', '총리', '공식', '초청', '간다', '카슈끄', '빈살', '살해']"
연세대 교정 도는 윤기중 명예교수 운구 차량,연세대학교 대우관,윤석열 대통령 부친 윤기중 연세대 명예교수 운구 차량이 17일 고인이 재직했던 서울 서대문구 연세대학교 대우관을 지나고 있다. 2023.8.17/뉴스1,"['연세대학교', '윤기', '차량', '교수', '명예', '우관', '연세대', '서울', '서대문구', '재직', '윤석열', '대통령', '부친', '고인', '교정', '뉴스']"
해피바이러스! 현대캐피탈 홍동선의 라이프스타일,파일럿,배구,"['현대', '라이프스타일', '캐피탈', '선의', '바이러스', '파일럿', '해피', '배구']"
"유엔 안보리, 6년 만에 북한인권 공개회의 개최",유엔 안전보장이사회,북한 인권문제,"['북한', '인권', '유엔', '개최', '회의', '공개', '안전보장', '이사회', '안보리', '문제']"
"'6번째 3연투'와 맞바꾼 팀의 5연승…KT가 풀어야 할 과제, 더 뚜렷해졌다",KT 위즈,위기,"['과제', '위즈', '연승', '위기']"
"시큐레터, 말레이시아 사이버보안 행사 ‘사이버DSA 2023’ 참가","말레이시아 디지털통신부, 국방부, 사이버보안청 등 정부기관",문서 기반 해킹 공격,"['사이버', '보안', '말레이시아', '기반', '문서', '기관', '정부', '해킹', '디지털', '신부', '국방부', '참가', '행사', '공격', '레터']"
"7만원 독일제에 뒤통수…""싼맛에 샀는데 냉기가 안 나와요""",한국소비자원,해외 쇼핑몰 등에서 판매된 에어컨의 냉방 기능이 작동하지 않는 피해 사례,"['냉기', '작동', '한국', '기능', '소비자원', '냉방', '해외', '에어컨', '쇼핑몰', '판매', '뒤통수', '피해', '독일', '사례']"
"KCC건설, '스위첸 라이브러리'서 입주민 강연회 개최",교보문고,타이타닉호,"['라이브러리', '교보', '주민', '개최', '강연', '스위첸', '문고', '건설', '타이타닉호']"
"세라젬, KBS '동행' 프로그램 후원 협약",KBS·초록우산 어린이재단,루게릭병 ,"['프로그램', '우산', '후원', '초록', '협약', '동행', '어린이재단', '세라', '루게릭병']"
[지방세제 개편]애 낳고 집 사면 취득세 500만원 한도 면제,1가구 1주택자,전세사기 ,"['개편', '주택', '사면', '가구', '취득세', '면제', '한도', '세제', '전세', '지방', '사기']"
"삼양식품, 매운 국물라면 브랜드 '맵탱' 출시",삼양식품,"맵탱 제품에서 느낄 수 있는 매운맛 종류와 강도를 한눈에 보기 쉽게 그래프로 도식화한 것으로 맵탱 브랜드가 제공하는 다채로운 매운맛을 직관적으로 보여준다.신제품 ‘맵탱 흑후추소고기라면’은 화끈하고 칼칼한 매운맛을 느낄 수 있는 제품으로, 스트레스 해소","['제품', '브랜드', '라면', '삼양식품', '보기', '한눈', '강도', '신제품', '그래프', '도식', '제공', '직관', '후추', '종류', '소고기', '출시', '스트레스', '국물', '해소']"
방심위원장 해촉된 정연주 후임에 류희림 미디어연대 공동대표,미디어연대 ,"방송통신심의위원회는 최근 해촉된 정연주 전 위원장 후임으로 류희림 미디어연대 공동대표가 위촉됐다고 18일 밝혔다. 대구 출신의 류 신임 방심위원은 KBS, YTN 기자를 거쳐 YTNDMB 이사, YTN 플러스 대표이사 사장, 미디어연대 공동대표 등을 지냈으며 윤석열 대통령이 위촉했다. lisa@yna.co.kr","['연대', '미디어', '대표', '해촉', '정연주', '후임', '희림', '공동', '위원장', '위촉', '기자', '방심위', '이사', '신임', '플러스', '출신', '대표이사', '대구', '위원회', '최근', '사장', '심의', '윤석열', '방송통신', '대통령', '방심']"
美 장기채 ETF 사들이는 서학개미…수익률 높이려면 주목할 ‘이것’,미국 ,재정 적자 문제 ,"['개미', '재정', '수익률', '미국', '주목', '서학', '적자', '장기', '문제']"
"""김광현-오승환 성공했으니 가능해"" STL, 일본 국가대표 에이스 영입할까",세인트루이스 ,애덤 웨인라이트가 올 시즌 종료 후 현역 은퇴를 선언,"['일본', '현역', '종료', '국가대표', '에이스', '시즌', '세인트루이스', '웨인라이트', '애덤', '오승환', '은퇴', '김광현', '선언']"
"코란 모독에 성난 파키스탄 무슬림, 교회 습격·방화",파키스탄 ,자란왈라의 기독교인이 코란을 모독했다는 이유로 성난 무슬림들이 기독교 구역을 습격해 교회를 불태우고 여러 채의 집을 파손,"['교회', '습격', '파키스탄', '무슬림', '모독', '코란', '자란왈라', '기독교', '방화', '구역', '기독교인', '이유', '여러', '파손']"
‘징비’ 못하는 나라엔 미래 없다[이현종의 시론],"정부와 조직위원회, 전북도","수해나 대형사고, 학교 폭력 ","['미래', '사고', '이현종', '대형', '시론', '수해', '정부', '전북도', '조직', '위원회', '나라', '학교', '징비', '폭력']"
[송재우의 야구화(話)] 오심도 경기의 일부? 비디오판독 시대엔 헛소리,심판도 사람,스트라이크-볼 판정 문제,"['오심', '스트라이크', '경기', '사람', '일부', '심판', '비디오', '헛소리', '판독', '시대', '야구', '판정', '송재우', '문제']"
‘로또 70억’ 당첨자의 K직장인 인증...“회사 계속 다닐래요”,직장인,동행복권,"['직장인', '자의', '계속', '인증', '회사', '당첨', '로또', '행복']"
"[연합시론] 전경련 복귀 수순 밟은 4대 그룹, 정경유착 고리 끊을 자신 있나",전경련,국정농단 사태 ,"['전경련', '국정', '복귀', '고리', '그룹', '정경', '수순', '유착', '농단', '시론', '사태', '연합']"
"'우주패권' 강화…머스크의 스페이스X, 2년만에 적자 탈출",일론 머스크,스페이스X가 사실상 우주 발사체 시장을 장악하고 있다고 보도하기도 했다. WSJ는 “스페이스X가 경쟁사들이 따라올 수 없는 속도로 저렴한 가격과 검증된 재사용 로켓을 내세워 발사체 시장의 상당 부분을 장악,"['스페이스', '시장', '발사체', '머스크', '장악', '우주', '가격', '검증', '재사용', '속도', '경쟁', '로켓', '상당', '보도', '강화', '적자', '사실', '탈출', '부분', '패권']"
韓 “원전 포함 '무탄소전원' 확대 필요”…APEC 에너지장관회의서 강조,산업통상자원부 ,탈탄소화 ,"['탄소', '전원', '통상', '산업', '확대', '강조', '필요', '회의', '에너지', '장관', '포함', '자원부', '원전']"
"대전관광공사, 해군대학과 업무협약 체결",대전관광공사,꿀잼도시 대전,"['대전', '공사', '관광', '업무', '대학', '협약', '해군', '체결', '꿀잼', '도시']"
"롯데헬스케어-아이메디신 MOU 체결 ""AI 기반 맞춤형 멘탈케어 가이드 제공""",양 사 ,멘탈 헬스,"['멘탈', '체결', '기반', '맞춤', '제공', '케어', '가이드', '스케', '롯데', '헬스']"
교권 회복 대책 한계와 더 근원적 문제[포럼],학부모,아동학대 처벌 ,"['대책', '학부모', '한계', '포럼', '근원', '문제', '회복', '아동학대', '교권', '처벌']"
문체부 “‘검정고무신’ 저작자 이우영 작가만 인정에 환영”,한국저작권위원회,제2의 검정고무신 사태,"['검정', '고무신', '인정', '환영', '작가', '한국', '이우영', '저작권', '위원회', '저작자', '문체부', '사태']"
[이슈+] 하와이 산불 사망자 100명 넘어…대피로는 오직 하나,한국재난관리학회 ,미국 하와이 마우이섬 산불 참사,"['산불', '하와이', '마우이', '관리', '재난', '한국', '미국', '학회', '대피', '사망자', '참사', '이슈']"
안보리 '北인권' 회의서도 '한미일 對 북중러' 재확인,한미일 3국 ,"린다 토머스 그린필드 주유엔 미국대사와 이시카네 기미히로(石兼公博) 일본대사, 그리고 '이해당사국' 자격으로 참석한 황준국 주유엔대사 등은 '북한 당국이 불법적인 대량살상무기(WMD)·탄도미사일 개발에 아무 걸림돌 없이 자원을 쏟아 부을 수 있는 간 주민들에 대한 구조적인 인권 탄압","['대사', '한미', '인권', '구조', '주민', '대한', '자원', '아무', '개발', '탄도미사일', '무기', '회의', '살상', '대량', '불법', '서도', '당국', '참석', '자격', '그린필드', '린다', '토머스', '북한', '북중', '황준', '유엔', '사국', '확인', '주유', '이해']"
"러시아, 구글에 '가짜뉴스 미삭제' 혐의로 4000만원 벌금",애플과 위키미디어 재단,우크라이나 침공 ,"['가짜', '재단', '위키미디어', '뉴스', '삭제', '애플', '혐의', '벌금', '구글', '우크라이나', '러시아', '침공']"
"한국인 TV 끄라던 아기레, 낮 경기에 또 불만 ""이제 이강인 없다... 한국 우리 시장 아냐""",각 구단들,라리가 라커룸 중계 카메라 설치,"['경기', '중계', '불만', '라커룸', '이제', '라리가', '이강인', '구단', '한국', '시장', '아기레', '카메라', '한국인', '설치']"
"美, '북러 무기거래' 연루 러시아 기업 등 3개 기관 제재",북한 ,북한과 러시아 간 불법 무기 거래,"['러시아', '북한', '무기', '거래', '기업', '연루', '제재', '기관', '불법', '북러']"
'편의점 왕국' 일본도 임대료·인건비 상승에 꺾였다 [김경민의 도쿄 혼네],드러그스토어,다테마에의 파편,"['일본도', '드러그스토어', '임대료', '도쿄', '인건비', '김경민', '상승', '왕국', '테마', '편의점', '파편']"
저작권 소송서 이긴 엔씨 “IP 창작성 인정받아”…웹젠은 “항소할 것”,웹젠,저작권 침해 소송 ,"['웹젠', '저작권', '소송', '창작', '엔씨', '항소', '침해']"
"“러 탐사선 ‘루나-25’, 달 궤도 진입…21일 달 남극 착륙”",러시아 연방우주공사,제보하기,"['궤도', '우주', '진입', '연방', '남극', '러시아', '착륙', '루나', '공사', '탐사선', '제보']"
"""혼자만 천하태평"" 제롬, 각성했나…이혜영 '재혼 기운' 보냈다 (돌싱글즈4)",MBN,같은 방을 쓰는 룸메이트들이 동일한 상대에게 호감을 꽃피우는 얄궂은 운명,"['각성', '호감', '상대', '이혜영', '재혼', '룸메이트', '기운', '싱글즈', '제롬', '얄궂', '천하태평', '운명']"
'2R 로빈 단 1패' 충북청주와 '다시 연승' 김포의 맞대결...K리그2 27라운드 프리뷰,한국프로축구연맹 ,닥공‘의 부재,"['청주', '연맹', '연승', '프로축구', '김포', '한국', '대결', '프리뷰', '리그', '라운드', '충북', '닥공', '로빈', '부재']"
[글로컬 전북] 지역 소식 (고창·완주·남원),주민공동체,영산기맥 생태축이 복원,"['소식', '영산', '고창', '공동체', '완주', '주민', '남원', '지역', '생태', '전북', '복원']"
"법원 “웹젠 R2M, 리니지M 표절”…엔씨 승소",웹젠,저작권 침해 소송,"['웹젠', '저작권', '리니지', '승소', '표절', '엔씨', '침해', '소송', '법원']"
"포지션 변경 중인 한국가스공사 신승민, “단추는 잘 꿰맨 것 같다”",한국가스공사 ,신승민은 “수비는 작년에 경험이 있다. 하지만 공격은 아직도 어색하다. (웃음) 간결하고 타이밍을 뺏는 공격을 해야 한다. 하지만 아직도 4번의 움직임이 남아있다. 그 부분도 빨리 수정해야 한다”라며 공격에서의 아쉬움도 함께 말했다. 강혁 한국가스공사 ,"['공격', '한국', '가스', '공사', '신승민', '부분', '움직임', '수정', '번의', '라며', '중인', '타이밍', '웃음', '경험', '아쉬움', '작년', '수비', '강혁', '변경', '단추', '포지션']"
"'자기계발' 진심인 MZ세대 직장인들…""플랫폼이 해결사""",팀민트의 디지털 마케팅 데이터 노하우가 다방면으로 접목돼 불필요한 업무를 단축시켜준다. 최고의 복지는 동료라는 말이 있다. 같이 일하는 동료는 직장인의 업무 수행은 물론 업무 만족도에 있어 매우 중요하다. 인재 검증 플랫폼 ,클래스101,"['업무', '플랫폼', '동료', '세대', '직장', '해결사', '검증', '디지털', '민트', '마케팅', '데이터', '인재', '노하우', '매우', '다방면', '접목', '만족도', '진심', '축시', '수행', '복지', '최고', '직장인', '자기계발', '클래스']"
[이동환의 앤드원] 농구 대표팀은 왜 광복절에 굴욕을 당해야 했나,대한민국농구협회,대형 사건,"['농구', '협회', '대표팀', '대한민국', '광복절', '굴욕', '대형', '앤드', '사건', '이동환']"
[대전소식] 시립박물관서 어린이 체험전시 '쏜살탐험대' 개막,대전시,일상을 효율적으로 살아가도록 도와주는 시간과 시간을 알려주는 시계,"['전시', '시립', '박물관', '일상', '어린이', '체험', '개막', '탐험대', '소식', '효율', '대전', '시계']"
"조승우-최재림…볼 수 있을까? 뮤지컬 ‘오페라의 유령’ 3주 분량 티켓 오픈, 이번에도 피켓팅 전쟁",에스앤코,오페라의 유령,"['오페라', '유령', '뮤지컬', '피켓', '전쟁', '오픈', '에스', '티켓', '앤코', '분량', '재림', '조승우']"
'대한민국 황소 황희찬 vs 일본 적토마 미토마' 한일전 진검승부 펼쳐진다,브라이튼앤호브알비온스,미니 한일전,"['한일전', '황희', '일본', '적토마', '미토', '알비', '온스', '앤호브', '브라이튼', '진검', '승부', '황소', '미니', '대한민국']"
"추경호 ""유류세 인하 10월까지 연장…상저하고 변함없다""(종합)",아시아개발은행,상저하고,"['저하', '인하', '연장', '종합', '아시아', '개발', '유류', '은행', '추경호']"
[새로 나온 책] 그리스도인으로 잘 사는 법,그리스도인,그리스도인에게 왜 고난이 올까,"['그리스도인', '고난']"
"'거미집' 정수정, 70년대 라이징 스타 변신 ""한줄의 대사만 있어도 출연하고 싶었다""",한유림,"1970년대, 다 찍은 영화 ‘거미집’의 결말만 다시 찍으면 걸작이 될 거라 믿는 김감독(송강호)이 검열, 바뀐 내용을 이해하지 못하는 배우와 제작자 등 미치기 일보 직전의 악조건 속에서 촬영을 밀어붙이며 벌어지는 일들을 그리는 작품","['거미집', '촬영', '악조건', '직전', '일보', '제작자', '배우', '이해', '내용', '스타', '검열', '변신', '송강호', '라이', '대사', '감독', '출연', '걸작', '유림', '결말', '영화', '붙이', '정수정', '작품']"
"한기대 공용장비센터, 국제공인 시험기관 자격 '10년' 유지",산업통상자원부 국가기술표준원,yej@yna.co.kr,"['장비', '통상', '센터', '산업', '국제', '유지', '공인', '자격', '시험', '기관', '공용', '자원부', '한기대', '국가기술표준원']"
"일본 7월 무역수지, 2개월만 적자 기록",일본 재무성,일본 도쿄 긴자 거리에서 시민들이 횡단보도를 건너고 있는 모습,"['일본', '시민', '거리', '긴자', '도쿄', '개월', '적자', '기록', '재무성', '횡단보도', '무역수지', '모습']"
코란 모독에 성난 무슬림들이 태운 교회 집기,파키스탄 파이살라바드 인근 자란왈라에서 무슬림,자란왈라의 기독교인이 코란을 모독했다는 이유로 성난 무슬림들이 기독교 구역을 습격해 교회를 불태우고 여러 채의 집을 파손,"['무슬림', '교회', '자란왈라', '모독', '코란', '습격', '파키스탄', '집기', '파이살라바드', '구역', '기독교', '인근', '태운', '이유', '기독교인', '여러', '파손']"
"러 ""우크라 군수 열차 폭격…美지원 스트라이커 4대도 파괴""",러시아군,러시아군이 우크라이나 동부 일대를 미사일로 공격해 우크라이나 군수 열차와 미국이 지원한 스트라이커 장갑차 등을 파괴,"['우크라이나', '스트라이커', '지원', '러시아군', '열차', '군수', '파괴', '일대', '미사일', '공격', '동부', '대도', '폭격', '미국', '장갑차']"
"‘임관식호’ 안산그리너스, 사령탑 교체 후 첫 홈 경기",안산그리너스FC가 새 사령탑의 지휘를 받는 첫 홈 경기에서 승리를 다짐했다.안산은 오는 19일 오후 7시 안산 와~스타디움에서 충남아산FC,안산그리너스FC가 새 사령탑의 지휘를 받는 첫 홈 경기에서 승리를 다짐했다.안산은 오는 19일 오후 7시 안산 와~스타디움에서 충남아산FC와 ‘하나원큐 K리그2 ,"['안산', '사령탑', '경기', '아산', '충남', '스타디움', '오후', '다짐', '지휘', '승리', '하나원', '교체', '리그', '임관식']"
"25억 쓰길 잘했다, 한화 이렇게 사랑하고 헌신하는데…""돌아올 기회 주셔서 감사합니다""",SSG 랜더스,한승혁과 장민재가 나란히 부진해 선발 로테이션에서 이탈,"['헌신', '선발', '기회', '장민재', '랜더', '한승혁', '사랑', '로테이션', '한화', '이탈']"
"‘KT 새 외국선수 에릭 3점 5리바운드’ 나이지리아, 말리에 뼈아픈 4쿼터 역전패",말리,세네갈에 이어 말리에도 패배한 나이지리아는 2패로 올림픽 사전자격예선을 마쳤다. A조 최하위에 머무르며 2024 파리 올림픽 최종예선 진출에 실패했다. # 사진_FIBA 제공,"['말리', '예선', '올림픽', '나이지리아', '에릭', '진출', '리바운드', '최종', '파리', '하위', '자격', '선수', '역전패', '쿼터', '세네갈', '사진', '외국', '제공']"
"연세사랑병원, 개원 20주년 맞아 확장 이전",연세사랑병원 ,척추 질환의 정확한 진단을 돕고 감염관리를 위해 온도와 습도를 일정하게 유지할 수 있는 수술실 첨단 공조 시스템이 마련된다. 늘어나는 환자 수요에 따른 이동 편의를 위해 엘리베이터를 증설해 모두 6호기가 운영되며 환자 관리·안전을 위해 병동 간호 간병 서비스와 대리수술,"['위해', '환자', '관리', '병원', '사랑', '연세', '서비스', '간병', '간호', '첨단', '수술실', '공조', '유지', '병동', '시스템', '마련', '습도', '수요', '호기', '엘리베이터', '편의', '증설', '온도', '대리', '이동', '운영', '진단', '안전', '질환', '확장']"
"‘마지막큐 하이런10점’ 최완영, 김행직 정예성과 2차본선 진출…조명우 패자부활전行[월드3쿠션서바이벌]",조명우 ,월드3쿠션서바이벌 2023,"['조명', '월드', '쿠션', '김행', '정예', '서바이벌', '성과', '본선', '최완', '진출', '패자부활전', '마지막']"
잿더미 속 멀쩡한 딱 한채… 하와이 ‘빨간 지붕 집’의 비밀,존 펠레티에 마우이 카운티 경찰서장,하와이 산불 참사,"['하와이', '지붕', '경찰서', '펠레', '비밀', '마우이', '카운티', '산불', '참사', '잿더미']"
"휴젤 ""히알루론산 필러 '레볼렉스', 태국 품목허가 획득""",태국 식약청,hyun0@yna.co.kr,"['태국', '볼렉스', '획득', '품목', '허가', '필러', '히알루론산', '식약청']"
"GS·OK 우승으로 마무리…외국인 감독들이 일으킨 ‘새바람’, 하위권 팀들의 ‘반란’ 예고",한국배구연맹,컵대회는 외국인 감독들의 새바람과 하위권 팀들의 반란 예고,"['외국인', '감독', '바람', '하위', '반란', '예고', '연맹', '배구', '대회', '한국', '마무리', '우승']"
"웰스파고 ""美 국채금리 상한선 근접...국채투자 막차 탑승 기회""",웰스파고,리먼 브러더스 사태,"['국채', '웰스파고', '리먼', '기회', '탑승', '막차', '투자', '근접', '금리', '상한선', '브러더스', '사태']"
"쎄보모빌리티, 2025년 인도네시아서 '소형 전기SUV' 만든다",한국,인도네시아 사업 추진에 탄력을 받은 상황.인도네시아 사업은 국산화와 현지화를 함께 고려해 진행하고 있다. 전기차의 핵심 부품인 모터 등 구동계 부품은 한국산을 적용한다. 인도네시아 현지 부품비율 40%를 맞추기 위해서는 현지 부품시장과 기술 상황 등을 파악하고 있으며 현지화를 통해 가격 경쟁력을 확보한다는 계획이다. 박영태 ,"['현지', '부품', '인도네시아', '상황', '사업', '국산', '확보', '경쟁력', '가격', '통해', '계획', '소형', '진행', '전기차', '핵심', '파악', '한국', '전기', '고려', '기술', '모터', '추진', '탄력', '시장', '동계', '적용', '비율', '박영태', '모빌리티']"
"‘제트엔진’ 상승세 임성재, PO 2차전 첫날 선두와 3타차… 김주형은 위기",잉글랜드,김경호 선임기자 jerome@kyunghyang.com,"['임성재', '김경호', '첫날', '잉글랜드', '선두', '위기', '김주형', '상승세', '선임', '제트엔진', '기자']"
"‘바닥부터 차근차근’, 발전하는 신인 주수빈 시즌 두 번째 톱10 도전","LPGA 투어, 유럽여자골프투어(LET), 유럽프로골프 DP월드투어",컷탈락 위기에 몰렸다.김경호 선임기자 jerome@kyunghyang.com,"['투어', '유럽', '골프', '발전', '김경호', '신인', '주수빈', '위기', '시즌', '탈락', '차근차근', '도전', '선임', '월드', '프로', '여자', '바닥', '기자']"
[AFTER THE PRACTICE GAME] 대표팀 막내 문정현의 대구 연습경기 소감,BASKETKOREA,BASKETKOREA는 2023~2024시즌을 앞둔 연습경기에서AFTER THE PRACTICE GAME,"['연습', '경기', '문정현', '대구', '소감', '막내', '대표팀']"
"김승겸 합참의장, 판문점 도끼만행사건 희생자 추모",판문점 ,판문점 도끼만행사건 ,"['판문점', '도끼', '만행', '사건', '추모', '희생', '합참의장', '김승겸']"
"더 나은 경기력 원하는 배병준 ""다음 경기, 나부터 앞장서겠다""",KBL 제공,FA로 합류한 새로운 핵심 가드 최성원이 존스컵 도중 부상으로 이탈하는 악재,"['경기', '부상', '도중', '존스', '최성원', '가드', '배병준', '핵심', '합류', '제공', '이탈', '악재', '나은']"
"中 헝다, 美에서 파산보호 신청...해외 빚 털고 재기 노려",중국 ,채무불이행(디폴트)으로 2년 가까이 주식 거래가 중지됐던 중국 부동산 개발사 헝다(恒大·에버그란데)가 미국 법원에 파산 보호신청을 냈다. 이를 두고 중국의 부동산 위기,"['중국', '신청', '부동산', '헝다', '가까이', '주식', '법원', '미국', '에버', '디폴트', '거래', '파산', '채무불이행', '중지', '보호', '해외', '재기', '개발', '파산보호', '위기']"
"윤 대통령, 부친 발인···장례절차 마치고 오늘 출국",국민의힘 ,부친상 ,"['발인', '출국', '장례', '오늘', '절차', '부친', '국민', '대통령', '부친상']"
"""애플이 삼성 처음으로 제친다""",카운터포인트 리서치,"중국이 올해 2억7천만대로 줄어들면서 글로벌 스마트폰 판매 감소의 주요 원인으로 작용했다""고 말했다.북미 지역에서도 상반기에만 출하량이 두 자릿수 하락률을 보였다고 설명했다.보고서는 ""고용 시장의 강세와 인플레이션 하락","['하락', '처음', '카운터', '포인트', '리서치', '중국', '올해', '글로벌', '스마트폰', '판매', '감소', '주요', '원인', '작용', '시장', '북미', '지역', '강세', '고용', '상반기', '보고서', '하량', '설명', '자릿수', '삼성', '인플레이션', '애플']"
[씨줄날줄] 해녀 포럼/이동구 논설위원,해녀,"환경오염, 연안자원 보존 등 ","['해녀', '연안', '환경오염', '포럼', '위원', '동구', '논설', '자원', '날줄', '보존', '씨줄']"
"불스원, 차량용 ‘듀얼코일 무선충전 거치대’ 출시",불스원,저소음 모터를 적용해 소음 걱정 없는 편안한 사용감을 제공하며 차량의 시동이 꺼진 상태에서도 약 3~4회 동작이 가능해 차량 시동의 여부와 상관없이 스마트폰을 거치대에서 분리할 수 있다. ,"['차량', '소음', '시동', '거치', '불스원', '무선', '충전', '코일', '스마트폰', '걱정', '듀얼', '출시', '적용', '용감', '모터', '제공', '동작', '상태', '분리']"
"최수연 네이버 대표 ""중소상공인 지원 규모 확대에 집중""",중소상공인,redflag@yna.co.kr,"['중소', '공인', '대표', '확대', '규모', '지원', '집중', '네이버', '최수연']"
"솔트룩스 자회사 플루닛, 50억 규모 유상증자 결정 [주목 e공시]",플루닛,기업과소비자간거래(B2C) ,"['플루', '기업', '규모', '공시', '결정', '유상증자', '주목', '소비자', '자회사', '거래', '솔트룩스']"
"[SC초점] ""前남친은 연예인""…산다라박·소유·핫펠트, 걸그룹 과감한 비밀연애 고백",2NE1 ,데뷔 후 5년간 연애 금지령이 내려져 문자로 사이버 연애,"['연애', '연예인', '산다라박', '소유', '펠트', '걸그룹', '과감', '비밀연애', '고백', '금지', '데뷔', '문자', '남친', '사이버', '초점']"
"SKT, 5G IoT 경량화 기술 개발…AIoT 서비스 기반 마련",노키아·미디어텍,"웨어러블 기기, 커넥티드 자동차, 스마트 팩토리, CCTV 등 IoT 기기에 적합하다.","['기기', '개발', '서비스', '기반', '마련', '노키아', '미디어텍', '웨어', '자동차', '스마트', '러블', '커넥티드', '기술', '팩토리', '경량']"
"코트야드 메리어트 서울 타임스퀘어 호텔, 가을 피크닉 테마 ‘Chilled Autumn Bites’ 패키지 선봬",코트야드 메리어트 서울 타임스퀘어 호텔,Chilled Autumn Bites,"['서울', '메리어트', '야드', '타임스퀘어', '코트', '호텔', '테마', '패키지', '피크닉', '가을', '선봬']"
"다나카 ‘이 구역의 노래왕’ MC 발탁, 송가인과 노래 대결[공식]",TV CHOSUN,"‘한국 최고의 가수’가 꿈인 다나카가 대한민국 슈퍼스타들과 버스킹 무대를 걸고, 노래방 대결을 펼치는 음악 예능 프로그램","['대결', '노래', '다나카', '음악', '노래방', '버스킹', '무대', '슈퍼스타', '대한민국', '가수', '최고', '한국', '발탁', '공식', '인과', '송가', '예능', '구역', '프로그램']"
“심장이 몸 밖으로 튀어나왔잖아”…희귀병 7세 소년 ‘수술성공’,한국 병원과 후원단체,심장이소증,"['심장', '소년', '후원', '병원', '수술', '성공', '한국', '희귀', '단체']"
박광온 “이재명 네 번째 검찰조사···잔인한 시대”,더불어민주당 ,경기 성남시 백현동 특혜 의혹,"['검찰조사', '백현동', '시대', '성남시', '민주당', '경기', '이재명', '특혜', '박광온', '의혹']"
"김포시, 김포골드라인 혼잡 개선..풍무동에 대형 '똑버스' 투입",서울시,김포골드라인 혼잡률 개선,"['골드', '라인', '김포', '혼잡', '개선', '버스', '투입', '대형', '서울시', '풍무동', '김포시']"
"금감원, 제11기 FSS 대학생 금융교육 봉사단 출범",금융감독원,"금융교육 표준강의안 활용법, 금융시장 관련 최근 이슈 ","['금융', '교육', '관련', '금융시장', '활용', '강의', '표준', '봉사', '출범', '금융감독원', '최근', '대학생', '이슈', '금감원']"
"섹터장 힘 실은 HL그룹, 책임경영 가속…조성현 부회장 승진 임명",그룹 인사혁신실,"원자재 가격 상승, 부동산 경기 위축 ","['그룹', '부동산', '상승', '가격', '원자재', '책임', '혁신', '가속', '인사', '성현', '경영', '부회장', '임명', '승진', '경기', '위축', '섹터']"
"파수, UAE 사이버나이트와 중동 시장 공략 나서…성장 가능성 높아",사이버나이트,데이터 유출과 중요 정보 탈취 사건,"['나이트', '사이버', '정보', '중요', '유출', '데이터', '공략', '성장', '시장', '가능성', '중동', '탈취', '사건', '파수']"
우즈 합류한 PGA투어의 앞날은?,사우디아라비아 국부펀드,외우내환,"['투어', '사우디아라비아', '앞날', '합류', '국부펀드', '우즈', '내환']"
차지연 단독콘서트에 절친 김호영-김해준-정선아 출격,㈜씨엘엔컴퍼니와 ㈜쇼노트,익스히비션 Exhibition’을 준비하고 있는 가운데 절친 배우와 연예인들이 잇따라 출연을 예고,"['절친', '연예인', '배우', '김호', '가운데', '출격', '컴퍼니', '씨엘', '노트', '비션', '익스', '정선', '준비', '출연', '단독콘서트', '예고', '차지연']"
세리머니 한번 못하고 1년 만에 ‘방출’...친정에서 재기 노리나,웨스트 햄,노팅엄 포레스트에서 세리머니 한번 못 하고 쫓겨,"['세리머니', '한번', '노리', '재기', '웨스트', '노팅엄', '친정', '방출', '포레스트']"
“민원 대응팀 신설·정서행동 위기학생 지원방안 마련하라”,교직원,정서행동 위기학생,"['정서', '행동', '위기', '학생', '신설', '마련', '방안', '교직원', '지원', '대응', '민원']"
"[출근길 인터뷰] 여름감기 기승, 독감에 코로나까지…왜?",WHO,독감 ,"['독감', '여름', '감기', '기승', '인터뷰', '코로나', '출근길']"
"‘나는 SOLO’ 정숙은 영철, 상철은 영숙에 꽂혔다",SBS PLUS,모발이식 수술,"['상철', '모발', '영숙', '영철', '이식', '정숙', '수술']"
"K리그 외국인 최다 득점 데얀, 25년 프로생활 마무리 ""한국에 감사""",프로축구연맹 ,프로축구연맹 제공 ,"['프로축구', '연맹', '득점', '데얀', '프로', '생활', '마무리', '한국', '감사', '외국인', '리그', '제공']"
"임도헌호, 아시아선수권 출전 위해 16일 이란 출국…19일 방글라데시→21일 파키스탄 맞대결",대한배구협회,2023 제22회 아시아남자배구선수권대회,"['아시아', '선수권', '협회', '위해', '대결', '출전', '배구', '이란', '파키스탄', '출국', '방글라데시', '헌호', '남자배구', '임도', '선수권대회']"
올 추석엔 선물가액 상향 '당정 김영란법 시행령 개정 논의',국민의힘과 정부,김영란법,"['김영란', '가액', '상향', '논의', '시행', '국민', '개정', '선물', '정부', '추석']"
4년간 국고보조금 12억 부정하게 타낸 사업주와 유령근로자들,현직 세무사,"사기, 보조금관리법위반 ","['보조금', '부정', '사기', '유령', '업주', '현직', '세무사', '근로자', '관리', '위반', '국고']"
"올해 마약 중독자 치료 예산, 상반기 이미 동났다…90% 소진",보건복지부,마약투약 사범,"['마약', '중독', '보건복지부', '예산', '치료', '동났다', '소진', '상반기', '투약', '사범', '올해']"
"하정우 ""'백두산' 촬영 후 두 무릎 잃어…연골 40% 잘라냈다""",한강 고수부지,무릎수술 ,"['무릎', '촬영', '고수부지', '연골', '한강', '백두산', '하정우', '수술']"
"한샘, 인테리어 공사 보상판매 프로그램 첫 도입",한샘,주로 가구에 적용하는 보상 판매를 부엌·욕실·수납·창호·도어·중문 등 인테리어 공사 전반으로 폭넓게 적용한 프로그램,"['판매', '보상', '공사', '적용', '인테리어', '프로그램', '창호', '수납', '도어', '욕실', '중문', '부엌', '주로', '도입', '가구', '전반']"
"평등한 이들이 모여 만든 평면의 도시 [가자, 서쪽으로]",공화국,성 바르톨로뮤 축일 학살 사건,"['서쪽', '축일', '공화국', '톨로', '도시', '학살', '평면', '사건']"
"中외교부, 성장 둔화 우려에 ""중국 경제 강인, 서방이 위기 과장""",중국 외교부 ,전염병,"['중국', '외교부', '둔화', '우려', '서방', '경제', '과장', '강인', '위기', '성장', '전염병']"
서울시 “개포택지개발지구 수변 특화 신속통합기획 추진”,서울시,통합 재건축,"['통합', '서울시', '개발', '택지', '지구', '특화', '신속', '기획', '추진', '개포', '재건축']"
연세대 대우관 지나는 윤기중 명예교수 운구차량,연세대학교 대우관,윤석열 대통령 부친 윤기중 연세대 명예교수 운구 차량이 17일 고인이 재직했던 서울 서대문구 연세대학교 대우관을 지나고 있다. 2023.8.17/뉴스1,"['우관', '연세대학교', '차량', '윤기', '교수', '명예', '연세대', '서울', '재직', '서대문구', '고인', '윤석열', '대통령', '부친', '뉴스']"
"뇌파계 판결에…양의계 ""국민건강 위험"" vs 한의계 ""규제 철폐해야"" (종합)",한의협,한의사 뇌파계 사용' 소송,"['의계', '뇌파', '한의사', '의협', '종합', '철폐', '규제', '국민', '위험', '건강', '사용', '판결', '소송']"
"24일 상장 시큐레터, 일반 투자자 대상 청약 경쟁률 1698대1",시큐레터,악성 행위 ,"['레터', '일반', '경쟁률', '대상', '투자자', '청약', '악성', '행위', '상장']"
"""强달러·弱위안"" 원·달러 환율 연고점 1343원 터치",비구이위안,중국 대형 부동산 개발업체 비구이위안의 채무불이행(디폴트) 위기,"['위안', '비구', '달러', '채무불이행', '부동산', '개발', '대형', '업체', '중국', '연고', '환율', '터치', '디폴트', '위기']"
"잉글랜드 여자월드컵 첫 결승, 개최국 호주 잡았다... '첫 우승' 놓고 스페인과 맞대결",호주,심판 판정,"['호주', '월드컵', '결승', '개최', '대결', '우승', '스페인', '여자', '심판', '잉글랜드', '판정']"
"""눈에 보이는 게 전부가 아니다""…<보이지 않는 위협> 출간",대통령 직속 국방혁신위원회 ,각종 사건,"['대통령', '혁신', '직속', '국방', '위협', '위원회', '보이지', '사건']"
"배지환, 재활 기간 20일 꽉 채우고 복귀하나?...21일까지 재활할 수 있어",피츠버그 파이리츠 ,왼쪽 발목에 통증,"['재활', '왼쪽', '리츠', '파이', '피츠버그', '기간', '복귀', '발목', '통증', '배지']"
꼴찌에서 승차 없는 3위로 수직 상승… 석달째 이어지는 KT 마법,KT 위즈,"부상자들이 많아 제대로 된 전력을 갖추지 못했는데, 이때 과감한 승부수를 띄우면서 부족했던 부분을 제대로 보강했다.KT 윌리엄 쿠에바스(오른쪽). /뉴스1 DB ⓒ News1 김민지 기자윌리엄 쿠에바스의 재영입, 이호연의 트레이드 영입","['제대로', '바스', '윌리엄', '위로', '수직', '상승', '마법', '위즈', '부상', '전력', '과감', '승부', '부분', '뉴스', '김민지', '승차', '오른쪽', '기자', '보강', '이호연', '꼴찌', '트레이드']"
동료 교직원 돈 34억원 가로채 호화생활…40대 부부 징역 7년 구형,대구법원 ,특정경제범죄가중처벌 등에 관한 법률 위반(사기)혐의,"['가로', '위반', '호화', '법률', '생활', '처벌', '부부', '가중', '징역', '경제범죄', '구형', '특정', '법원', '대구', '교직원', '사기', '동료', '혐의']"
[기자수첩] 제 발 저린 당국의 은행 가계대출 지적질,금융위,대출 장려 정책,"['대출', '당국', '은행', '가계', '금융위', '지적', '수첩', '장려', '기자', '정책']"
"'부활 성공' 류현진, 21일 신시내티 상대로 2연승 도전",신시내티,팔꿈치 인대 접합 수술,"['신시내티', '인대', '류현진', '팔꿈치', '상대로', '도전', '연승', '접합', '성공', '수술', '부활']"
"김희선 “집에서 4일 머리 안 감아 남편 불쌍, 방귀 안 터”→시댁 사랑 자랑(유퀴즈)[어제TV]",김희선,스킨십이 되게 많다. 제가 되게 적극적으로 오빠를 막 덮친다,"['김희선', '스킨십', '불쌍', '어제', '남편', '방귀', '시댁', '자랑', '사랑', '퀴즈', '적극', '머리', '오빠']"
말레이시아 헬프대학교 주최 제 4회 한류 페스티벌 성황리에 마쳐,"한국농수산식품유통공사에서는 외국인들에게 인기가 높은 떡볶이, 김치볶음밥, 치킨 등을 무료로 시식할 수 있는 ‘Wonderful K-Food’ 부스를 운영했으며, 한국관광공사",코로나19 팬데믹,"['공사', '한국', '대학교', '주최', '한류', '페스티벌', '치킨', '김치볶음밥', '무료', '떡볶이', '시식', '성황리', '인기', '관광', '외국인', '부스', '운영', '유통', '농수산', '식품', '헬프', '코로나', '말레이시아', '팬데믹']"
"‘이강인, 우리는 이번 시즌까지!’ PSG 잔류, 내년은 무조건 레알 마드리드!",레알 마드리드,음바페는 이번 여름 이적을 선언하면서 PSG와 관계가 틀어졌고 돌이킬 수 없는 상황을 맞았다,"['레알', '마드리드', '선언', '잔류', '이적', '내년', '여름', '무조건', '음바페', '관계', '시즌', '상황', '이강인']"
황준호 다올투자증권 대표 '노 엑시트' 마약 근절 캠페인 참여,경찰청과 마약퇴치운동본부,마약 ,"['마약', '증권', '대표', '시트', '근절', '퇴치', '캠페인', '참여', '경찰청', '운동', '투자', '본부', '황준호']"
"'슈터 유망주 고찬혁 맹활약' KGC, 존스컵 4번째 경기서 일본 대학 선발 제압",KBL 제공,KBL 제공,"['고찬혁', '맹활약', '존스', '경기', '일본', '대학', '선발', '제압', '제공', '유망', '슈터']"
