title,who,what,keywords,keywords_bert
돼지 신장 이식 뇌사 정상 기능 스케 인사 이드,미국 바이오 기업인 비비 코어 공급 회사 미국 식품 약국,뇌사 장기기증,"['뇌사', '미국', '코어', '돼지', '이드', '약국', '공급', '장기기증', '비비', '신장', '기업인', '바이오', '회사', '이식', '인사', '기능', '정상', '스케', '식품', '벌금', '백현동', '백화점', '버거', '버스', '발언', '발사체', '발목', '버스킹', '번의', '방글라데시']","[""['뇌사',"", ""'방글라데시']"", ""'발언',"", ""'백현동',"", ""'신장',"", ""'비비',"", ""'장기기증',"", ""'벌금',"", ""'돼지',"", ""'코어',""]"
광주 부전 이면 간다,국가 철도 공단,경전선 전철 구간 광주 순천역 사이 전철 화로 개량,"['전철', '광주', '개량', '사이', '부전', '경전선', '순천역', '철도', '구간', '이면', '국가', '간다', '화로', '공단', '버스', '버스킹', '번의', '버거', '백화점', '백현동', '벌금', '법원', '법률', '배포', '법전', '베이트', '변경', '변신', '병동', '병원']","[""['전철',"", ""'병원']"", ""'간다',"", ""'백현동',"", ""'광주',"", ""'철도',"", ""'화로',"", ""'순천역',"", ""'법전',"", ""'개량',""]"
트럼프 기소 권고 조지아주 대배심 신변 위협,조지아주 풀턴 카운티 검찰,도널드 트럼프 미국 대통령 조지아주 대선 개입 혐의,"['조지아주', '트럼프', '신변', '검찰', '대선', '도널드', '대배심', '개입', '풀턴', '기소', '권고', '위협', '카운티', '혐의', '대통령', '미국', '버거', '버스', '번의', '백화점', '버스킹', '백현동', '백두산', '배포', '히알루론산', '벌금', '배우', '법률', '법원', '법전']","[""['조지아주',"", ""'법전']"", ""'대통령',"", ""'배우',"", '검찰', ""'버거',"", ""'대선',"", ""'권고',"", ""'위협',"", ""'도널드',""]"
농심 전남 완도군 인연 다시마 구매,농심 농심,전남 완도군 다시마 경매 현장,"['농심', '전남', '완도군', '다시마', '인연', '경매', '구매', '현장', '보강', '보건', '배포', '보고', '백두산', '백현동', '보건복지부', '백화점', '버거', '버스', '버스킹', '번의', '병원', '벌금', '법률', '법원', '배우', '법전', '베이트', '변경', '변신', '병동']","[""['농심',"", ""'병동']"", ""'현장',"", ""'보고',"", ""'배우',"", ""'다시마',"", ""'인연',"", ""'백현동',"", ""'전남',"", ""'완도군',""]"
교육 방법 혁신 교수설계 경연 진행 북한,북한 노동당,교육 부문 교육 방법 창조 도입 사업 교육 위원회 교원양성 부문 대학 교수설계 경연 조직 보도 사진 김형직 사범 대학 국내 사용 가능 배포 금지 금지,"['교육', '경연', '교수설계', '부문', '금지', '방법', '대학', '북한', '노동당', '김형직', '교원양성', '창조', '조직', '배포', '국내', '보도', '가능', '사범', '진행', '사업', '도입', '혁신', '사진', '사용', '위원회', '배구', '법률', '방송통신', '방송', '방글라데시']","[""['교육',"", ""'방글라데시']"", ""'대학',"", ""'사진',"", ""'가능',"", ""'금지',"", ""'방법',"", ""'노동당',"", ""'김형직',"", ""'교원양성',""]"
관왕 발롱도르 월드컵 모든 메시 발롱도르 욕심 이적 불행,사무국,신종 코로나 바이러스 팬데믹,"['발롱도르', '관왕', '메시', '불행', '사무국', '욕심', '바이러스', '모든', '팬데믹', '이적', '신종', '월드컵', '코로나', '베이트', '법전', '백현동', '백화점', '버거', '보건복지부', '보건', '버스', '버스킹', '보강', '번의', '병원', '병동', '벌금', '변신', '법률', '법원']","[""['발롱도르',"", ""'법원']"", ""'백현동',"", ""'관왕',"", ""'사무국',"", ""'욕심',"", ""'바이러스',"", ""'법률',"", ""'신종',"", ""'코로나',""]"
에픽 게임 에픽 온라인 서비스 콘솔 크로스 플레이 무료 지원,언리얼엔진 게임 개발자,에픽 온라인 서비스 현재 수백 게임 대규모 사용 사용 중인 게임엔진 게임 개발 지원 모든 스토어 플랫폼 배포,"['게임', '에픽', '온라인', '서비스', '사용', '지원', '개발자', '현재', '크로스', '수백', '플레이', '게임엔진', '언리얼엔진', '대규모', '콘솔', '스토어', '배포', '모든', '중인', '플랫폼', '무료', '개발', '부아', '백두산', '방통위', '방화', '배구', '부회장', '배병준', '배상']","[""'배상']"", ""['게임',"", ""'현재',"", ""'중인',"", ""'지원',"", ""'부회장',"", ""'무료',"", ""'배병준',"", ""'대규모',"", ""'콘솔',""]"
이상민 행안부 장관 지방세 발전 회의,행정안전부,뉴시스 독자 제보 뉴스 가치나 화제 판단 사진 영상 뉴시스 사진 상부 적극 반영,"['뉴시스', '사진', '지방세', '독자', '행정안전부', '반영', '행안부', '이상민', '판단', '상부', '화제', '영상', '가치나', '장관', '제보', '발전', '적극', '회의', '뉴스', '법원', '백현동', '백화점', '버거', '버스', '버스킹', '번의', '벌금', '법률', '발탁', '발목']","[""['뉴시스',"", ""'사진',"", ""'발목']"", ""'영상',"", ""'뉴스',"", ""'장관',"", ""'법원',"", ""'발전',"", '뉴시스', '뉴시스']"
신진서 셰커 응씨배 결승 격돌,중국,신종 코로나바이러스 감염증,"['감염증', '응씨배', '격돌', '신진서', '셰커', '코로나바이러스', '신종', '결승', '중국', '배우', '배지', '배포', '백두산', '배송', '백현동', '배상', '백화점', '히알루론산', '버거', '버스킹', '번의', '벌금', '법률', '법원', '법전', '베이트', '변경', '변신', '병동', '병원']","[""['감염증',"", ""'병원']"", ""'배우',"", ""'번의',"", ""'코로나바이러스',"", ""'배상',"", ""'배지',"", ""'베이트',"", ""'법률',"", ""'병동',""]"
신한은행 아동권리 보장 굿네이버스 청소년 자립 지원 금융 교육,아동권리 보장 굿네이버스,아동 양육 시설 청소년 자립,"['청소년', '자립', '보장', '아동권리', '굿네이버스', '시설', '아동', '양육', '신한은행', '교육', '금융', '지원', '발언', '백두산', '발롱도르', '발령', '발각', '백화점', '버거', '버스', '버스킹', '번의', '벌금', '반영', '법률', '법원', '법전', '베이트', '반복', '변경']","[""'발언',"", ""'변경']"", ""'버스킹',"", ""'발롱도르',"", ""'발령',"", ""'발각',"", ""'신한은행',"", ""'양육',"", ""'반복',"", ""'번의',""]"
환의 세계사 함무라비 법전 판결 오류 판사 배상 영구 추방,귀족 부유,국내 대기업 미국 기업 특허 분쟁,"['분쟁', '세계사', '법전', '오류', '함무라비', '추방', '배상', '귀족', '환의', '부유', '영구', '대기업', '특허', '판사', '국내', '판결', '기업', '미국', '발탁', '번의', '백두산', '백현동', '백화점', '버거', '버스', '버스킹', '법률', '벌금', '배지', '발령']","[""['분쟁',"", ""'발령']"", ""'기업',"", ""'함무라비',"", ""'배지',"", ""'영구',"", ""'대기업',"", ""'추방',"", ""'버거',"", ""'백현동',""]"
말레이 여객기 도로 수직 추락 화염,말레이시아,말레이시아 소형 여객기 추락 사고,"['추락', '여객기', '말레이시아', '화염', '말레이', '수직', '도로', '소형', '사고', '버스킹', '백두산', '배포', '백현동', '백화점', '배지', '버거', '버스', '히알루론산', '번의', '배송', '벌금', '법률', '법원', '법전', '베이트', '변경', '변신', '병동', '병원', '보강']","[""['추락',"", ""'보강']"", ""'화염',"", ""'소형',"", ""'말레이시아',"", ""'버스킹',"", ""'백두산',"", ""'배포',"", ""'백현동',"", ""'여객기',""]"
마이크로 닉스 지포스 구매 대상 오버 워치 인베이전 얼티밋 증정,한미 마이크로 닉스,오버 워치 인베이전,"['마이크로', '오버', '워치', '인베이전', '닉스', '얼티밋', '지포스', '구매', '증정', '대상', '한미', '버스', '배우', '배지', '배포', '보강', '백두산', '백현동', '백화점', '버거', '병원', '버스킹', '병동', '벌금', '배송', '법률', '법원', '법전', '베이트', '변경']","[""['마이크로',"", ""'변경']"", ""'배우',"", ""'버거',"", ""'오버',"", ""'구매',"", ""'배지',"", ""'지포스',"", ""'버스킹',"", ""'한미',""]"
서울 오후 서북 서남 오존 주의보 발령,서울 보건 환경 연구원,오존 주의보,"['주의보', '오존', '서울', '서남', '서북', '보건', '연구원', '발령', '환경', '오후', '발롱도르', '배지', '배포', '백두산', '백현동', '백화점', '버거', '버스', '버스킹', '번의', '법률', '벌금', '배송', '법원', '법전', '베이트', '변경', '변신', '반영', '병동']","[""'병동']"", ""['주의보',"", ""'법원',"", ""'연구원',"", ""'서울',"", '서울', '서울', ""'서북',"", ""'서남',"", ""'발롱도르',""]"
칭따오 프로 스포츠 생활 스포츠 스포츠 마케팅 강화,칭따오,엔데믹,"['스포츠', '칭따오', '엔데믹', '강화', '마케팅', '생활', '프로', '배우', '배지', '배포', '백두산', '백현동', '백화점', '버거', '버스', '버스킹', '번의', '배상', '벌금', '법률', '법원', '법전', '베이트', '변경', '변신', '병동', '병원', '보강', '보건', '보건복지부']","[""'보건복지부']"", ""['스포츠',"", ""'배우',"", ""'번의',"", ""'칭따오',"", ""'엔데믹',"", ""'강화',"", ""'배지',"", ""'백두산',"", ""'백현동',""]"
윤진호 교촌 에프 앤비 대표 코리아 린지 동참,한국 에너지 관리 공단,폭염 폭우 기후 위기,"['폭우', '동참', '윤진호', '기후', '에프', '린지', '교촌', '앤비', '폭염', '에너지', '공단', '코리아', '대표', '관리', '위기', '한국', '버거', '배우', '배지', '배포', '백두산', '백현동', '백화점', '보강', '버스', '법전', '버스킹', '병원', '병동', '변신']","[""['폭우',"", ""'변신']"", ""'배우',"", ""'위기',"", ""'대표',"", ""'기후',"", ""'병동',"", ""'린지',"", ""'버거',"", ""'에프',""]"
뉴스 현장 계속 부실 경찰 본사 압수수색,,철근 누락 사태,"['본사', '누락', '부실', '압수수색', '철근', '현장', '계속', '경찰', '사태', '뉴스', '배포', '버스', '백두산', '배지', '백현동', '백화점', '배우', '버거', '히알루론산', '버스킹', '번의', '배상', '벌금', '법률', '법원', '법전', '베이트', '변경', '변신', '병동']","[""'병동']"", ""['본사',"", ""'뉴스',"", ""'현장',"", ""'경찰',"", ""'배우',"", ""'법원',"", ""'베이트',"", ""'배포',"", ""'변경',""]"
청계 가구 분양 순위 청약 접수,에코 플랜트,청계,"['청계', '분양', '접수', '플랜트', '순위', '에코', '청약', '가구', '버스킹', '배상', '배송', '배우', '배지', '배포', '백두산', '백현동', '백화점', '버거', '버스', '보강', '병원', '번의', '배구', '벌금', '법률', '법원', '법전', '베이트', '변경', '변신']","[""['청계',"", ""'변신']"", ""'가구',"", ""'백현동',"", ""'분양',"", ""'접수',"", ""'에코',"", ""'청약',"", ""'버스킹',"", ""'배상',""]"
김포 상대 전적 우위 충북 청주 안방 연속 무패 행진 도전,한국 프로축구 연맹,김포 대결 이목 집중 전망 한편 충북 청주 경기 이벤트 준비 경기 당일 오후 서문 블루 스토어 부스 사인회 진행 청원 생명 축제,"['충북', '청주', '김포', '경기', '전망', '우위', '이목', '전적', '행진', '안방', '무패', '사인회', '블루', '한편', '서문', '생명', '당일', '청원', '부스', '축제', '집중', '상대', '연속', '스토어', '준비', '프로축구', '오후', '진행', '도전', '이벤트']","[""['충북',"", ""'이벤트']"", ""'축제',"", ""'한편',"", ""'도전',"", ""'청주',"", ""'김포',"", ""'전망',"", ""'우위',"", ""'전적',""]"
소나기 체감 무더위 계속 서울 대구 날씨,황덕현,폭염,"['소나기', '무더위', '날씨', '체감', '황덕현', '폭염', '계속', '대구', '서울', '버거', '백화점', '백현동', '배지', '백두산', '배포', '버스킹', '배우', '배송', '버스', '히알루론산', '번의', '벌금', '배상', '법원', '법전', '베이트', '변경', '변신', '병동', '병원']","[""['소나기',"", ""'병원']"", ""'배우',"", ""'배포',"", ""'무더위',"", ""'날씨',"", ""'체감',"", ""'황덕현',"", ""'계속',"", ""'대구',""]"
의약품 부작용 피해 구제 신청 방법 봉투 확인 가능,사회,정상 의약품 사용 불구 사망 장애 질병,"['의약품', '불구', '구제', '장애', '질병', '사망', '봉투', '부작용', '정상', '사회', '신청', '방법', '확인', '피해', '가능', '사용', '법률', '백현동', '백화점', '버거', '버스', '발각', '버스킹', '번의', '반영', '벌금', '발탁', '방귀', '법원', '법전']","[""['의약품',"", ""'법전']"", ""'신청',"", ""'법률',"", ""'불구',"", ""'구제',"", ""'질병',"", ""'사망',"", ""'부작용',"", ""'정상',""]"
김희선 경력 단절 심경 젖병 나이 위축 퀴즈 종합,품위 그녀,경력 단절 공포,"['경력', '단절', '나이', '심경', '젖병', '품위', '공포', '그녀', '퀴즈', '김희선', '위축', '종합', '백두산', '백현동', '백화점', '버거', '배포', '배지', '배우', '히알루론산', '번의', '버스', '버스킹', '벌금', '법률', '법원', '법전', '베이트', '변경', '변신']","[""['경력',"", ""'변신']"", ""'종합',"", ""'배포',"", ""'단절',"", ""'젖병',"", ""'품위',"", ""'공포',"", ""'변경',"", ""'위축',""]"
스브스픽 순식간 버스 불길,부아 노스 이레 경찰,고속도로 버스 나기 시작 연료 불길 도로 전체 현지 아르헨티나 부에노스아이레스 고속도로 화면 도로 버스 갑자기 나기 시작 타고 수십 명의 승객 긴급 대피,"['버스', '나기', '불길', '시작', '고속도로', '도로', '이레', '부아', '부에노스아이레스', '긴급', '승객', '노스', '수십', '순식간', '갑자기', '타고', '화면', '아르헨티나', '명의', '연료', '스브스픽', '전체', '대피', '현지', '경찰', '백화점', '백현동', '백두산', '히알루론산', '버거']","[""'버거']"", ""'경찰',"", ""'타고',"", ""'나기',"", ""'불길',"", ""'시작',"", ""'이레',"", ""'부아',"", ""'부에노스아이레스',"", ""'승객',""]"
박세리 역사 굿바이 금융 그룹 오픈 출발,금융 그룹,읏뜸 라운드,"['금융', '그룹', '읏뜸', '역사', '굿바이', '출발', '박세리', '라운드', '오픈', '보강', '병원', '배지', '배포', '보고', '백두산', '백현동', '백화점', '버거', '버스', '버스킹', '번의', '벌금', '보건복지부', '법률', '배우', '법전', '베이트', '변경', '변신', '보건']","[""['금융',"", ""'버스킹',"", ""'굿바이',"", ""'백두산',"", ""'보강',"", ""'백현동',"", ""'법률',"", ""'변경',"", ""'변신',"", ""'역사',""]"
밀리 서재 김대호 아나운서 포토 에세이 김대호 사진 일기 연재,서영택,평일 아나운서 주말 인왕산 자연인 이야기 예정 김대호 직접 촬영 사진 위트 보고 재미 최근 공개 산다 소개 사적 모임 동대문 사단 펜션 박의 이야기,"['김대호', '아나운서', '이야기', '사진', '위트', '평일', '포토', '소개', '밀리', '자연인', '주말', '예정', '에세이', '모임', '연재', '인왕산', '보고', '사단', '일기', '서영택', '서재', '직접', '산다', '펜션', '동대문', '재미', '박의', '사적', '촬영', '최근']","[""['김대호',"", ""'사진',"", ""'최근']"", ""'포토',"", ""'촬영',"", ""'보고',"", ""'재미',"", ""'예정',"", ""'사적',"", ""'아나운서',""]"
이동관 방통위 원장 후보자 청문회 아들 학폭,강변 앞서 후보자 입장 아들 학폭 의혹 반박 후보자 물리 다툼 일방 가해 이후 사과 화해 강득구 민주당,학폭,"['학폭', '후보자', '아들', '반박', '앞서', '화해', '사과', '강득구', '강변', '이동관', '물리', '가해', '방통위', '다툼', '일방', '청문회', '원장', '이후', '입장', '의혹', '민주당', '부에노스아이레스', '방출', '방화', '배구', '배병준', '배상', '배송', '배우', '배지']","[""['학폭',"", ""'배지']"", ""'배우',"", ""'민주당',"", ""'배송',"", ""'부에노스아이레스',"", ""'사과',"", ""'강득구',"", ""'일방',"", ""'다툼',""]"
랜드 나윤 명지대 예술 학부 졸업,명지대 학교 명지대 학교,서울 공연예술 고등학교 방송 연예,"['명지대', '학교', '방송', '나윤', '예술', '연예', '졸업', '랜드', '학부', '고등학교', '공연예술', '서울', '버스킹', '히알루론산', '버거', '백화점', '백현동', '백두산', '배포', '배지', '버스', '벌금', '번의', '배송', '법률', '법원', '법전', '베이트', '변경', '변신']","[""['명지대',"", ""'변신']"", ""'히알루론산',"", ""'학부',"", ""'버거',"", ""'법률',"", ""'백현동',"", ""'졸업',"", ""'변경',"", ""'법전',""]"
사설 부동산 위기 경보 중국 경제,중국,리먼 브라더스 사태,"['중국', '경보', '브라더스', '사설', '리먼', '경제', '부동산', '사태', '위기', '변신', '보강', '배우', '보건복지부', '보건', '배지', '배포', '백두산', '백현동', '백화점', '버거', '버스', '병동', '병원', '버스킹', '번의', '배송', '법률', '법원', '법전', '베이트']","[""'베이트']"", ""['중국',"", ""'백두산',"", ""'경보',"", ""'브라더스',"", ""'사설',"", ""'리먼',"", ""'사태',"", ""'법전',"", ""'보강',""]"
여자배구 대표팀 반등 핵심 과제 김연경 자신감,김연경,배구 여제 김연경 국가대표팀 은퇴 전력 공백 자신감 약점 지목 자신감 코트 리더 자신감 악순환 반복,"['자신감', '김연경', '여제', '반등', '여자배구', '공백', '약점', '지목', '악순환', '국가대표팀', '반복', '전력', '과제', '코트', '리더', '핵심', '은퇴', '배구', '대표팀', '방화', '배병준', '백현동', '배송', '배우', '배지', '배포', '백두산', '배상', '부품', '방통위']","[""['자신감',"", ""'방통위']"", ""'배우',"", ""'코트',"", ""'김연경',"", ""'반등',"", ""'여자배구',"", ""'공백',"", ""'약점',"", ""'지목',""]"
미국 북한 러시아 무기 거래 관련 기관 제재 전쟁 지원 색출,러시아,우크라이나 전쟁,"['전쟁', '러시아', '색출', '제재', '무기', '우크라이나', '관련', '기관', '거래', '북한', '지원', '미국', '보건', '배지', '배포', '보건복지부', '백두산', '백현동', '백화점', '버거', '버스', '버스킹', '보강', '번의', '벌금', '법률', '법전', '베이트', '변경', '변신']","[""'변신']"", ""'관련',"", ""'백현동',"", ""'우크라이나',"", ""'변경',"", ""'러시아',"", ""'배지',"", ""'보건복지부',"", ""'백두산',"", ""'무기',""]"
탁구 조승민 생애 남자 단식 세계 진입,중국,월드 테이블테니스 컨텐더 리우데자네이루 대회 결과 조승민 대회 진출 조승민 츠시마 소라 일본 결승 진출 실패,"['조승민', '대회', '진출', '리우데자네이루', '남자', '단식', '생애', '소라', '테이블테니스', '결과', '탁구', '츠시마', '컨텐더', '진입', '실패', '세계', '결승', '월드', '일본', '중국', '배포', '백두산', '배우', '배지', '히알루론산', '백현동', '백화점', '배송', '버스', '버스킹']","[""'버스킹']"", ""['조승민',"", ""'배우',"", ""'세계',"", ""'테이블테니스',"", ""'결승',"", ""'진출',"", ""'배지',"", ""'단식',"", ""'소라',""]"
대회 지난해 시청률 관중 감소,한국 배구 연맹,남녀 대표팀 국제 대회 실패,"['대회', '관중', '시청률', '남녀', '지난해', '감소', '실패', '국제', '배구', '연맹', '대표팀', '한국', '변경', '베이트', '배포', '백두산', '백현동', '보건복지부', '보건', '보강', '병원', '병동', '변신', '백화점', '버거', '버스', '버스킹', '번의', '벌금', '배지']","[""'배지']"", ""'국제',"", ""'한국',"", ""['대회',"", ""'백두산',"", ""'관중',"", ""'시청률',"", ""'감소',"", ""'실패',"", ""'벌금',""]"
대구 국토부 차관 노후 산업 재생 사업 적극 추진,국토교통부,산업 조성 경과 기반시설 노후 화로 정주 여건 악화 생산 저하,"['노후', '산업', '재생', '정주', '악화', '기반시설', '생산', '경과', '여건', '국토교통부', '국토부', '차관', '저하', '조성', '화로', '사업', '적극', '추진', '대구', '방법', '발령', '백두산', '백현동', '백화점', '버거', '버스', '버스킹', '번의', '발목', '발롱도르']","[""['노후',"", ""'발롱도르']"", ""'여건',"", ""'생산',"", ""'산업',"", ""'대구',"", ""'경과',"", ""'저하',"", ""'조성',"", ""'화로',""]"
꼬모드빈티 차트 협찬 기념 제품 최대 할인 이벤트,꼬모드빈티,차트 협찬,"['꼬모드빈티', '협찬', '차트', '할인', '최대', '기념', '제품', '이벤트', '백두산', '백화점', '백현동', '배포', '버스', '배지', '배우', '배송', '배상', '버거', '히알루론산', '버스킹', '배구', '번의', '벌금', '법률', '법원', '법전', '베이트', '변경', '변신', '병동']","[""['꼬모드빈티',"", ""'병동']"", ""'배상',"", ""'협찬',"", ""'차트',"", ""'할인',"", ""'최대',"", ""'이벤트',"", ""'백두산',"", ""'변신',""]"
반바지 전통의상 맥주 뮌헨 입단 연례 행사 의무 참석 규칙 케인,바이에른 뮌헨,독일 전통의상 반바지 맥주잔,"['반바지', '뮌헨', '전통의상', '규칙', '연례', '바이에른', '케인', '의무', '맥주잔', '맥주', '입단', '독일', '행사', '참석', '부품', '버스', '배상', '배송', '배우', '배지', '배포', '백두산', '백현동', '백화점', '버거', '번의', '버스킹', '배구', '벌금', '분량']","[""['반바지',"", ""'분량']"", ""'행사',"", ""'배우',"", ""'번의',"", ""'버스킹',"", ""'맥주',"", ""'입단',"", ""'벌금',"", ""'배구',""]"
부킹 전쟁 지방 수도권 골퍼 복귀 대비 수도권 골프장 이용 증가,엑스 골프 회원,부킹 전쟁,"['수도권', '부킹', '전쟁', '이용', '대비', '회원', '증가', '엑스', '골프장', '골퍼', '지방', '골프', '복귀', '배지', '배포', '백두산', '배우', '백현동', '백화점', '버거', '버스', '히알루론산', '버스킹', '번의', '벌금', '법률', '배상', '법원', '법전', '베이트']","[""'베이트']"", ""['수도권',"", ""'대비',"", ""'배우',"", ""'지방',"", ""'법원',"", ""'배포',"", ""'부킹',"", ""'이용',"", ""'회원',""]"
롯데리아 기술 적용 버거 뮤직 음원 공개,롯데리아,기술 활용 마케팅 캠페인,"['롯데리아', '기술', '음원', '뮤직', '버거', '캠페인', '활용', '마케팅', '적용', '공개', '백현동', '백화점', '백두산', '버스', '버스킹', '배포', '배지', '번의', '법률', '벌금', '배송', '법원', '법전', '베이트', '변경', '변신', '병동', '병원', '보강', '보건']","[""['롯데리아',"", ""'보건']"", ""'기술',"", ""'배지',"", ""'음원',"", ""'버거',"", ""'캠페인',"", ""'활용',"", ""'보강',"", ""'백현동',""]"
폐기물 자원 순환 산업 킨텍스 개막,한국 폐기물 협회 수도권매립지 관리 공사,폐기물 자원 순환 산업,"['폐기물', '순환', '자원', '산업', '수도권매립지', '킨텍스', '개막', '협회', '공사', '관리', '한국', '백현동', '버거', '버스', '백두산', '버스킹', '배포', '배지', '백화점', '히알루론산', '배송', '번의', '벌금', '법률', '법원', '법전', '베이트', '변경', '변신', '병동']","[""['폐기물',"", ""'병동']"", ""'배지',"", ""'순환',"", ""'수도권매립지',"", ""'킨텍스',"", ""'변신',"", ""'백현동',"", ""'버거',"", ""'백두산',""]"
단독 송호 에코 프로 대표 임원 사주 매각 자제 통보 투자,에코 프로 그룹,스톡옵션,"['에코', '프로', '통보', '스톡옵션', '임원', '사주', '송호', '자제', '매각', '단독', '투자', '그룹', '대표', '배포', '백두산', '백현동', '배지', '배우', '백화점', '배송', '버거', '히알루론산', '버스', '버스킹', '배병준', '번의', '벌금', '법률', '법원', '법전']","[""['에코',"", ""'법전']"", ""'투자',"", ""'배우',"", ""'대표',"", ""'사주',"", ""'임원',"", ""'스톡옵션',"", ""'백현동',"", ""'배지',""]"
지란 데이터 시스 정보보호 환경 구축 위해,시스,오스 정보 유출 해킹,"['시스', '정보보호', '지란', '오스', '구축', '환경', '유출', '위해', '해킹', '정보', '데이터', '배포', '배지', '배우', '번의', '백현동', '백화점', '버거', '버스', '버스킹', '백두산', '히알루론산', '벌금', '배상', '법률', '법원', '법전', '베이트', '변경', '변신']","[""['시스',"", ""'변신']"", ""'배우',"", ""'번의',"", ""'정보보호',"", ""'지란',"", ""'오스',"", ""'구축',"", ""'유출',"", ""'위해',""]"
히알루론산 필러 볼렉스 태국 품목 허가 획득,태국 식약처,태국,"['태국', '식약처', '히알루론산', '필러', '허가', '품목', '볼렉스', '획득', '배포', '백화점', '백현동', '백두산', '배지', '버스', '배우', '배송', '배상', '버거', '벌금', '버스킹', '번의', '배구', '법률', '법원', '법전', '베이트', '변경', '변신', '병동', '병원']","[""['태국',"", ""'병원']"", ""'배우',"", ""'식약처',"", ""'필러',"", ""'품목',"", ""'볼렉스',"", ""'획득',"", ""'배포',"", ""'병동',""]"
바렛 캐나다 디펜딩 챔피언 스페인 연장 접전 격파,캐나다 농구 대표팀 공식 제공 바렛 뉴욕 닉스 경기 연속 캐나다,김하영 기자,"['캐나다', '바렛', '접전', '김하영', '디펜딩', '뉴욕', '챔피언', '격파', '농구', '스페인', '연장', '연속', '닉스', '공식', '대표팀', '기자', '제공', '경기', '배상', '변신', '변경', '배송', '배우', '배지', '배포', '베이트', '법전', '백화점', '법원', '백현동']","[""['캐나다',"", ""'백현동']"", ""'배우',"", ""'기자',"", ""'경기',"", ""'공식',"", ""'바렛',"", ""'접전',"", ""'김하영',"", ""'뉴욕',""]"
대통령 미국 워싱턴 도착 바이든 부친상 위로 전화,안보 동맹,하와이 마우이 산불,"['워싱턴', '바이든', '도착', '전화', '위로', '안보', '부친상', '동맹', '하와이', '산불', '마우이', '대통령', '미국', '백현동', '백두산', '백화점', '배포', '버거', '버스', '배지', '버스킹', '법원', '번의', '벌금', '법률', '배송', '법전', '베이트', '변경', '변신']","[""['워싱턴',"", ""'변신']"", ""'대통령',"", ""'법원',"", ""'전화',"", ""'백두산',"", ""'바이든',"", ""'도착',"", ""'부친상',"", ""'변경',""]"
경남 소식 부마 민주 항쟁 기념 재단 학생 장학금 지원,부마 민주 항쟁 기념 재단,민주화 운동,"['부마', '민주', '항쟁', '재단', '기념', '경남', '민주화', '장학금', '운동', '학생', '소식', '지원', '배포', '배상', '병동', '변신', '배송', '변경', '배우', '배지', '베이트', '법원', '백두산', '법률', '백화점', '버거', '배병준', '버스', '버스킹', '번의']","[""['부마',"", ""'번의']"", ""'배우',"", ""'지원',"", ""'변신',"", ""'항쟁',"", ""'경남',"", ""'버스킹',"", ""'장학금',"", ""'소식',""]"
한국 사이버 안보 학회 국가 전략 포럼 개최,한국 사이버 안보 학회 국가 전략 위원회,파이브 아이즈 정보 동맹,"['전략', '학회', '국가', '안보', '사이버', '한국', '파이브', '아이즈', '동맹', '포럼', '정보', '개최', '위원회', '버거', '벌금', '백두산', '버스', '백화점', '백현동', '버스킹', '번의', '히알루론산', '법률', '법원', '법전', '배지', '베이트', '변경', '변신', '병동']","[""'병동']"", ""'포럼',"", ""['전략',"", ""'한국',"", ""'법원',"", ""'배지',"", ""'변신',"", ""'아이즈',"", ""'사이버',"", ""'베이트',""]"
침몰 발언 이철규 박수,구성원,침몰,"['침몰', '구성원', '박수', '이철규', '발언', '히알루론산', '백화점', '번의', '버스킹', '버스', '버거', '백현동', '법률', '백두산', '배포', '배지', '벌금', '베이트', '법원', '법전', '배송', '변경', '변신', '병동', '병원', '보강', '보건', '보건복지부', '배우', '배상']","[""'발언',"", ""['침몰',"", ""'배상']"", ""'배우',"", ""'배포',"", ""'구성원',"", ""'박수',"", ""'이철규',"", ""'히알루론산',"", ""'번의',""]"
부동산 금리 정부 인식 대응 사설,중국,차이나 리스크,"['인식', '차이나', '리스크', '금리', '사설', '대응', '정부', '부동산', '중국', '배우', '배송', '버거', '배포', '백두산', '배상', '백현동', '백화점', '배지', '히알루론산', '버스', '번의', '벌금', '법률', '법원', '법전', '베이트', '변경', '변신', '병동', '병원']","[""['인식',"", ""'병원']"", ""'배우',"", ""'법원',"", ""'백현동',"", ""'차이나',"", ""'리스크',"", ""'사설',"", ""'대응',"", ""'병동',""]"
축제 네이버 지역 뉴스,네이버,김혜진 네이버 뉴스 리더,"['네이버', '뉴스', '김혜진', '리더', '축제', '지역', '발롱도르', '벌금', '배포', '백두산', '백현동', '백화점', '버거', '버스', '버스킹', '반영', '반복', '번의', '법률', '발목', '법원', '법전', '베이트', '변경', '변신', '병동', '병원', '보강', '보건', '보건복지부']","[""'보건복지부']"", ""['네이버',"", ""'뉴스',"", ""'축제',"", ""'지역',"", ""'법원',"", ""'보건',"", ""'김혜진',"", ""'벌금',"", ""'배포',""]"
마스크 고현정 파격 작품 처음,마스크,살인 혐의,"['마스크', '파격', '고현정', '살인', '작품', '처음', '혐의', '백두산', '버거', '백화점', '백현동', '배포', '버스킹', '배지', '배우', '배송', '배상', '버스', '법률', '번의', '벌금', '배구', '법원', '법전', '베이트', '변경', '변신', '병동', '병원', '보강']","[""['마스크',"", ""'보강']"", ""'처음',"", ""'배송',"", ""'고현정',"", ""'살인',"", ""'작품',"", ""'백두산',"", ""'버거',"", ""'버스킹',""]"
한국 리퍼 대북 정찰 중고 무인기 양산 투입,방위사업청,대북 감시,"['대북', '정찰', '중고', '방위사업청', '양산', '리퍼', '감시', '무인기', '투입', '한국', '병동', '버거', '배송', '보강', '배우', '배지', '배포', '백두산', '병원', '백현동', '백화점', '버스', '변신', '버스킹', '배병준', '번의', '벌금', '법률', '법원', '법전']","[""['대북',"", ""'법전']"", ""'한국',"", ""'배우',"", ""'벌금',"", ""'배송',"", ""'법률',"", ""'정찰',"", ""'중고',"", ""'방위사업청',""]"
금융 보안 코리아 테크 참가,금융 위원회 한국 테크 지원 센터,디지털 금융 사이버 보안 이슈,"['금융', '테크', '보안', '센터', '참가', '코리아', '디지털', '이슈', '사이버', '위원회', '지원', '한국', '백현동', '버거', '백화점', '히알루론산', '백두산', '배포', '버스킹', '배지', '버스', '법률', '번의', '벌금', '배송', '법원', '법전', '베이트', '변경', '변신']","[""'변신']"", ""['금융',"", ""'지원',"", ""'한국',"", ""'법전',"", ""'히알루론산',"", ""'이슈',"", ""'사이버',"", ""'베이트',"", ""'백현동',""]"
스텔 란티스 코리아 푸조 주요 차종 이벤트 개최,스텔 란티스 코리아 푸조,전국 푸조 전시장 주요 차종 이벤트 연다 스텔 란티스 개최 푸조 카페 데이,"['푸조', '스텔', '란티스', '차종', '코리아', '주요', '이벤트', '개최', '데이', '전국', '카페', '전시장', '연다', '벌금', '법률', '병동', '배상', '배송', '배우', '배지', '변신', '배포', '변경', '백두산', '백현동', '베이트', '법전', '백화점', '버거', '배병준']","[""['푸조',"", ""'배병준']"", ""'배우',"", ""'백두산',"", ""'전국',"", ""'배상',"", ""'란티스',"", ""'주요',"", ""'이벤트',"", ""'변신',""]"
그래픽 북한 주요 식품 가격 추이,국가정보원,아사자 지난 기간 국가정보원 추정 북한 최근 기준 밀가루 설탕 식품 물가 크게,"['국가정보원', '식품', '북한', '밀가루', '기준', '지난', '물가', '아사자', '추정', '추이', '설탕', '그래픽', '크게', '기간', '주요', '최근', '가격', '방귀', '발령', '배포', '백두산', '백현동', '백화점', '버거', '버스', '발롱도르', '버스킹', '번의', '발각', '방글라데시']","[""['국가정보원',"", ""'방글라데시']"", ""'가격',"", ""'지난',"", ""'최근',"", ""'버스킹',"", ""'번의',"", ""'발각',"", ""'물가',"", ""'아사자',""]"
블록 체인 폴리콘랩스 생태계 조성,폴리곤 랩스,,"['폴리콘랩스', '랩스', '폴리곤', '생태계', '체인', '조성', '블록', '배상', '배송', '배우', '버거', '배지', '배포', '백두산', '백현동', '배병준', '백화점', '배구', '히알루론산', '버스킹', '번의', '벌금', '법률', '법원', '법전', '베이트', '변경', '변신', '병동', '병원']","[""['폴리콘랩스',"", ""'병원']"", ""'폴리곤',"", ""'배상',"", ""'배구',"", ""'배포',"", ""'백현동',"", ""'랩스',"", ""'생태계',"", ""'체인',""]"
제일제당 카카오 스케 관리 식품 개발 협력,카카오 스케,,"['카카오', '스케', '제일제당', '협력', '식품', '관리', '개발', '백두산', '백현동', '번의', '배포', '배지', '백화점', '배우', '버거', '버스', '버스킹', '법률', '벌금', '배상', '법원', '법전', '베이트', '변경', '변신', '병동', '병원', '보강', '보건', '배송']","[""['카카오',"", ""'배송']"", ""'협력',"", ""'배우',"", ""'법률',"", ""'제일제당',"", ""'백두산',"", ""'백현동',"", ""'번의',"", ""'배지',""]"
올림픽 유도 하형주 체육 공단 감사 단독 인터뷰 이종 스포츠 코너,기획 정실,내부 직원 거액 횡령 불미 사건,"['체육', '거액', '코너', '유도', '정실', '내부', '횡령', '불미', '하형주', '이종', '기획', '감사', '인터뷰', '스포츠', '직원', '올림픽', '단독', '공단', '사건', '배지', '버스', '배포', '백두산', '백현동', '백화점', '배우', '버거', '히알루론산', '버스킹', '번의']","[""'번의']"", ""'직원',"", ""['체육',"", ""'사건',"", ""'배우',"", ""'기획',"", ""'거액',"", ""'코너',"", ""'배포',"", ""'유도',""]"
김재중 주량 공개 소주 복분자주 위스키 기억 친구,,부산 국제 영화제,"['부산', '위스키', '복분자주', '소주', '영화제', '김재중', '주량', '기억', '친구', '국제', '공개', '발각', '백현동', '발롱도르', '백화점', '버거', '버스', '버스킹', '번의', '발령', '벌금', '법률', '배포', '법원', '법전', '베이트', '변경', '변신', '병동', '병원']","[""['부산',"", ""'병원']"", ""'국제',"", ""'법전',"", ""'발령',"", ""'변경',"", ""'백현동',"", ""'변신',"", ""'위스키',"", ""'복분자주',""]"
썬앳 푸드 아메리칸 패밀리 레스토랑 롤스 오픈 잠실 롯데 월드 입점,썬앳 푸드,캐롤 친구,"['썬앳', '푸드', '패밀리', '아메리칸', '캐롤', '입점', '잠실', '레스토랑', '롤스', '롯데', '친구', '오픈', '월드', '발사체', '번의', '배포', '백두산', '백현동', '백화점', '버거', '버스', '버스킹', '반영', '반복', '법률', '벌금', '배우', '법원', '법전', '베이트']","[""['썬앳',"", ""'베이트']"", ""'배우',"", ""'캐롤',"", ""'법전',"", ""'잠실',"", ""'입점',"", ""'배포',"", ""'백두산',"", ""'백현동',""]"
국정원 평양 인근 폭탄 테러 파악 관련 동향 추적,국가정보원,폭발물 테러,"['테러', '폭탄', '동향', '폭발물', '국정원', '평양', '추적', '인근', '국가정보원', '파악', '관련', '변신', '버거', '보건', '배포', '백두산', '보강', '백현동', '백화점', '버스', '변경', '버스킹', '번의', '벌금', '배지', '병원', '병동', '법원', '법전', '베이트']","[""['테러',"", ""'베이트']"", ""'관련',"", ""'동향',"", '국정원', ""'법원',"", ""'배지',"", ""'버거',"", ""'폭탄',"", ""'병동',""]"
중국 부동산 자산 세계 경제 녹취록,중국 정부,리먼 브라더스 사태,"['중국', '녹취록', '자산', '브라더스', '리먼', '경제', '세계', '부동산', '정부', '사태', '발사체', '반박', '배송', '배우', '배지', '배포', '백두산', '백현동', '백화점', '버거', '버스', '버스킹', '번의', '벌금', '법률', '법원', '법전', '베이트', '변경', '변신']","[""'변신']"", ""['중국',"", '자산', ""'백두산',"", ""'녹취록',"", ""'브라더스',"", ""'리먼',"", ""'변경',"", ""'발사체',"", ""'반박',""]"
스텔라 밀러 특허 갈등 소멸 셀트 동아,인타,건의 자사 특허 침해,"['특허', '갈등', '스텔라', '소멸', '밀러', '건의', '인타', '동아', '셀트', '자사', '침해', '백화점', '배포', '배지', '배우', '백두산', '배송', '백현동', '버스킹', '버거', '버스', '번의', '벌금', '법률', '법원', '법전', '베이트', '변경', '변신', '병동']","[""['특허',"", ""'병동']"", ""'배우',"", ""'백두산',"", ""'갈등',"", ""'스텔라',"", ""'소멸',"", ""'건의',"", ""'인타',"", ""'동아',""]"
실축 마지막 카일 워커 고백 사실 승부차기 차기,맨시티,사적 바람 사실 아내 발각,"['사실', '승부차기', '카일', '아내', '워커', '실축', '맨시티', '차기', '발각', '사적', '고백', '마지막', '바람', '버스', '배우', '배지', '보건복지부', '배포', '백두산', '백현동', '보건', '백화점', '버거', '병동', '버스킹', '변신', '벌금', '보강', '법률', '병원']","[""['사실',"", ""'바람',"", ""'병원']"", ""'버스킹',"", ""'백현동',"", ""'배지',"", ""'승부차기',"", ""'워커',"", ""'실축',"", ""'맨시티',""]"
할리웃 브리트니 불륜 적발 결혼 개월 이혼,불륜,브리트니 불륜,"['불륜', '브리트니', '이혼', '결혼', '할리웃', '적발', '개월', '배포', '번의', '백두산', '백현동', '백화점', '배지', '버거', '버스', '버스킹', '히알루론산', '법률', '벌금', '배송', '법원', '법전', '베이트', '변경', '변신', '병동', '병원', '보강', '보건', '배우']","[""['불륜',"", ""'배우']"", ""'벌금',"", ""'배포',"", ""'배지',"", ""'버거',"", ""'적발',"", ""'버스킹',"", ""'히알루론산',"", ""'법률',""]"
마이 데이터 본격 시행,마이 데이터 제도 도입 정부,마이 데이터 제도,"['마이', '데이터', '제도', '본격', '시행', '도입', '정부', '버거', '버스킹', '버스', '히알루론산', '백화점', '백두산', '배포', '배지', '배우', '백현동', '벌금', '번의', '배상', '법률', '법원', '법전', '베이트', '변경', '변신', '병동', '병원', '보강', '보건']","[""['마이',"", ""'제도',"", ""'보건']"", ""'배우',"", '제도', '제도', ""'배포',"", ""'데이터',"", ""'본격',"", ""'시행',""]"
지수 편입 한미 반도체 급등 사상 최고 경신 종목,모건스탠리 캐피털 인터내셔널,회생,"['급등', '회생', '편입', '모건스탠리', '사상', '캐피털', '경신', '종목', '인터내셔널', '지수', '반도체', '한미', '최고', '발언', '백두산', '백현동', '백화점', '발각', '버거', '버스', '버스킹', '반영', '번의', '반복', '벌금', '배지', '법률', '법원', '법전', '베이트']","[""'베이트']"", ""['급등',"", ""'발언',"", ""'종목',"", ""'사상',"", ""'모건스탠리',"", ""'백두산',"", ""'벌금',"", ""'캐피털',"", ""'경신',""]"
포스 영업일 슬랙 엘리 베이트 출시,포스,일반 영업 직원 실질 영업 활동 제대로,"['영업', '포스', '엘리', '베이트', '활동', '슬랙', '실질', '영업일', '직원', '일반', '제대로', '출시', '배송', '배우', '배지', '백현동', '배포', '백두산', '버스', '백화점', '버거', '배병준', '버스킹', '번의', '벌금', '법률', '법원', '법전', '변경', '변신']","[""'변신']"", ""['영업',"", ""'직원',"", ""'배우',"", ""'백현동',"", ""'포스',"", ""'슬랙',"", ""'실질',"", ""'변경',"", ""'제대로',""]"
브라질 해커 보우 나루 대통령 투표 해킹 의뢰,브라질 연방 경찰,의회 습격 사건,"['브라질', '해커', '보우', '의회', '투표', '나루', '의뢰', '연방', '해킹', '경찰', '습격', '사건', '대통령', '베이트', '버거', '배우', '배지', '병원', '배포', '백두산', '백현동', '백화점', '버스', '병동', '법전', '버스킹', '번의', '배송', '벌금', '법률']","[""['브라질',"", ""'법률']"", ""'대통령',"", ""'경찰',"", ""'사건',"", ""'배우',"", ""'베이트',"", ""'해커',"", ""'보우',"", ""'의회',""]"
고양시 대한민국 독서 대전 콘텐츠 공유 치킨 증정 이벤트,고양시,대한민국 독서 대전 고양,"['고양시', '독서', '대전', '대한민국', '콘텐츠', '공유', '고양', '치킨', '증정', '이벤트', '병동', '백화점', '배병준', '배상', '배송', '분량', '배우', '배지', '배포', '백두산', '백현동', '버거', '변신', '병원', '버스', '버스킹', '번의', '벌금', '법률', '법원']","[""['고양시',"", ""'법원']"", ""'배우',"", ""'대전',"", ""'대한민국',"", ""'증정',"", ""'이벤트',"", ""'배송',"", ""'독서',"", ""'공유',""]"
백현동 의혹 이재명 구속영장 청구 법원,민주당,백현동 특혜 의혹 사건,"['백현동', '의혹', '구속영장', '청구', '이재명', '특혜', '민주당', '법원', '사건', '배지', '백두산', '발령', '발각', '백화점', '버거', '버스', '버스킹', '번의', '벌금', '법률', '발목', '법전', '베이트', '변경', '변신', '병동', '병원', '보강', '보건', '보건복지부']","[""['백현동',"", ""'보건복지부']"", '법원', ""'사건',"", ""'버거',"", ""'의혹',"", ""'구속영장',"", ""'청구',"", ""'이재명',"", ""'특혜',""]"
코로나 이후 어린이 상선 체험 재개,코로나,코로나,"['코로나', '재개', '상선', '어린이', '체험', '이후', '히알루론산', '버스', '배우', '배지', '배포', '백두산', '백현동', '백화점', '버거', '버스킹', '배상', '번의', '벌금', '법률', '법원', '법전', '베이트', '변경', '변신', '병동', '병원', '배송', '배병준', '보건']","[""['코로나',"", ""'체험',"", ""'보건']"", ""'버스킹',"", ""'재개',"", ""'상선',"", ""'어린이',"", ""'이후',"", ""'히알루론산',"", ""'배지',""]"
현대 그린 푸드 시니어 배송 통해 간편식 배송 노인 일자리,현대 백화점 그룹,직장인 점심 식사 배송,"['배송', '현대', '백화점', '그린', '일자리', '간편식', '노인', '식사', '점심', '시니어', '통해', '푸드', '직장인', '그룹', '버거', '백현동', '버스', '백두산', '배포', '배지', '버스킹', '히알루론산', '번의', '벌금', '법률', '법원', '법전', '베이트', '변경', '변신']","[""['배송',"", ""'변신']"", ""'백현동',"", ""'그린',"", ""'일자리',"", ""'간편식',"", ""'변경',"", ""'식사',"", ""'점심',"", ""'시니어',""]"
서울 신라 호텔 세계 아트 페어 아트 캉스 공개,프리즈,프리즈 서울,"['아트', '프리즈', '서울', '신라', '캉스', '페어', '호텔', '세계', '공개', '배지', '배우', '배포', '백두산', '버스킹', '백현동', '백화점', '배송', '버거', '버스', '히알루론산', '법률', '번의', '벌금', '배병준', '법원', '법전', '베이트', '변경', '변신', '병동']","[""'병동']"", ""'배우',"", ""'세계',"", ""['아트',"", ""'공개',"", ""'법원',"", ""'백두산',"", ""'신라',"", ""'캉스',"", ""'페어',""]"
리그 외국인 득점 데얀 은퇴 선언 현역 생활 마무리,한국,한국,"['한국', '현역', '데얀', '득점', '은퇴', '마무리', '선언', '외국인', '리그', '생활', '백두산', '백현동', '버스', '배포', '배지', '백화점', '배우', '버거', '번의', '버스킹', '배상', '벌금', '법률', '법원', '법전', '베이트', '변경', '변신', '병동', '병원']","[""['한국',"", ""'외국인',"", ""'배우',"", ""'병원']"", ""'현역',"", ""'데얀',"", ""'은퇴',"", ""'마무리',"", ""'선언',"", ""'병동',""]"
어차피 지명 적토 망아지 외야 최대 이승민 지명 아마 야구,,사례,"['지명', '어차피', '망아지', '아마', '외야', '이승민', '적토', '사례', '야구', '최대', '베이트', '법전', '배우', '배지', '배포', '보강', '백두산', '병원', '백현동', '백화점', '버거', '버스', '병동', '버스킹', '번의', '변신', '배송', '벌금', '변경', '법률']","[""['지명',"", ""'법률']"", ""'배우',"", ""'배포',"", ""'어차피',"", ""'망아지',"", ""'아마',"", ""'외야',"", ""'이승민',"", ""'적토',""]"
박병곤 판사 이쯤 입장 기자 수첩 사회,대법원,노무현 대통령 부부 명예훼손 혐의,"['명예훼손', '이쯤', '노무현', '박병곤', '대법원', '입장', '사회', '부부', '수첩', '판사', '혐의', '기자', '대통령', '히알루론산', '백현동', '백화점', '버스', '백두산', '배포', '버거', '법률', '버스킹', '번의', '벌금', '배우', '법원', '법전', '베이트', '변경', '변신']","[""['명예훼손',"", ""'변신']"", ""'대통령',"", ""'배우',"", ""'기자',"", ""'법원',"", ""'히알루론산',"", ""'이쯤',"", ""'노무현',"", ""'입장',""]"
유행 밈코 투자 유의,트위터,페페 비트코인 블록 체인 표준 기반 밈코인 득세 때문 토대 비트코인 등장,"['비트코인', '유행', '득세', '때문', '등장', '트위터', '유의', '밈코인', '토대', '밈코', '페페', '블록', '체인', '표준', '기반', '투자', '배포', '배지', '백두산', '백현동', '배우', '백화점', '히알루론산', '버거', '버스', '버스킹', '번의', '벌금', '법률', '법원']","[""['비트코인',"", ""'투자',"", ""'법원']"", ""'배우',"", ""'표준',"", ""'유행',"", ""'득세',"", ""'때문',"", ""'등장',"", ""'트위터',""]"
사우디 빈살 왕세자 수낵 총리 공식 초청 영국 간다,영국 사우디,카슈끄 살해,"['영국', '사우디', '빈살', '총리', '초청', '왕세자', '살해', '카슈끄', '수낵', '간다', '공식', '배포', '백두산', '버스킹', '배지', '배우', '백현동', '백화점', '버거', '버스', '법률', '번의', '벌금', '배상', '법원', '법전', '베이트', '변경', '변신', '병동']","[""['영국',"", ""'병동']"", ""'총리',"", ""'배우',"", ""'초청',"", ""'버스킹',"", ""'사우디',"", ""'빈살',"", ""'왕세자',"", ""'살해',""]"
연세대 교정 윤기 명예 교수 차량,연세대학교 우관,윤석열 대통령 부친 윤기 연세대 명예 교수 차량 고인 재직 서울 서대문구 연세대학교 우관 뉴스,"['연세대', '교수', '우관', '명예', '윤기', '연세대학교', '차량', '교정', '고인', '서대문구', '재직', '부친', '윤석열', '뉴스', '서울', '대통령', '발목', '백현동', '백화점', '버거', '버스', '발롱도르', '버스킹', '번의', '벌금', '발령', '방귀', '법률', '배포', '법원']","[""['연세대',"", ""'뉴스',"", ""'대통령',"", ""'법원']"", ""'서울',"", ""'차량',"", '대통령', ""'교정',"", ""'연세대학교',"", ""'윤석열',""]"
해피 바이러스 현대 캐피탈 선의 라이프스타일,파일럿,배구,"['선의', '캐피탈', '해피', '파일럿', '라이프스타일', '바이러스', '현대', '배구', '발롱도르', '벌금', '백두산', '백현동', '백화점', '버거', '반영', '버스', '버스킹', '번의', '반복', '반박', '법률', '배지', '법원', '법전', '베이트', '변경', '변신', '병동', '병원', '반바지']","[""['선의',"", ""'반바지']"", ""'버스킹',"", ""'해피',"", ""'파일럿',"", ""'라이프스타일',"", ""'바이러스',"", ""'배구',"", ""'발롱도르',"", ""'벌금',""]"
유엔 안보리 북한 인권 공개 회의 개최,유엔 안전보장 이사회,북한 인권 문제,"['인권', '유엔', '북한', '이사회', '안전보장', '안보리', '회의', '문제', '개최', '공개', '버스킹', '버스', '백화점', '버거', '벌금', '백현동', '백두산', '배포', '번의', '히알루론산', '법률', '법원', '법전', '배우', '베이트', '변경', '변신', '병동', '병원', '보강']","[""['인권',"", ""'보강']"", ""'배우',"", ""'이사회',"", ""'안전보장',"", ""'백두산',"", ""'유엔',"", ""'안보리',"", ""'회의',"", ""'버스킹',""]"
연승 과제,위즈,위기,"['과제', '위즈', '연승', '위기', '히알루론산', '법률', '배포', '백두산', '백현동', '백화점', '버거', '버스', '버스킹', '번의', '벌금', '법전', '법원', '배우', '베이트', '변경', '변신', '병동', '병원', '보강', '보건', '보건복지부', '보고', '보고서', '배지', '배상']","[""'배상']"", ""['과제',"", ""'위기',"", ""'배우',"", ""'벌금',"", ""'위즈',"", ""'히알루론산',"", ""'법률',"", ""'배포',"", ""'백두산',""]"
레터 말레이시아 사이버 보안 행사 사이버 참가,말레이시아 디지털 신부 국방부 사이버 보안 정부 기관,문서 기반 해킹 공격,"['사이버', '보안', '말레이시아', '신부', '문서', '국방부', '참가', '행사', '레터', '공격', '해킹', '디지털', '기관', '기반', '정부', '부회장', '번의', '배송', '배우', '배지', '배포', '백두산', '백현동', '백화점', '버거', '버스', '버스킹', '법률', '벌금', '배병준']","[""['사이버',"", ""'배병준']"", ""'행사',"", ""'배우',"", ""'문서',"", ""'벌금',"", ""'해킹',"", ""'번의',"", ""'배송',"", ""'국방부',""]"
독일 뒤통수 냉기,한국 소비자원,해외 쇼핑몰 판매 에어컨 냉방 기능 작동 피해 사례,"['뒤통수', '냉기', '작동', '쇼핑몰', '소비자원', '에어컨', '냉방', '독일', '사례', '해외', '피해', '기능', '판매', '한국', '벌금', '베이트', '변신', '배지', '배포', '변경', '백두산', '백현동', '백화점', '법전', '버거', '법원', '버스', '배송', '버스킹', '번의']","[""'번의']"", ""['뒤통수',"", ""'작동',"", ""'쇼핑몰',"", ""'사례',"", ""'해외',"", ""'베이트',"", ""'냉기',"", ""'소비자원',"", ""'에어컨',""]"
건설 스위첸 라이브러리 주민 강연 개최,교보 문고,타이타닉호,"['라이브러리', '문고', '강연', '스위첸', '교보', '타이타닉호', '건설', '주민', '개최', '병원', '버스킹', '배포', '백두산', '백현동', '백화점', '보건복지부', '버거', '버스', '보건', '번의', '벌금', '법률', '배우', '법원', '법전', '베이트', '변경', '변신', '보강', '병동']","[""['라이브러리',"", ""'병동']"", ""'건설',"", ""'배우',"", ""'주민',"", ""'법전',"", ""'문고',"", ""'변경',"", ""'법률',"", ""'강연',""]"
세라 동행 프로그램 후원 협약,초록 우산 어린이재단,루게릭병,"['초록', '어린이재단', '동행', '루게릭병', '우산', '세라', '협약', '후원', '프로그램', '버스', '버거', '백두산', '백화점', '백현동', '배포', '배지', '배우', '배송', '버스킹', '히알루론산', '번의', '벌금', '법률', '법원', '법전', '베이트', '변경', '변신', '병동', '병원']","[""['초록',"", ""'프로그램',"", ""'병원']"", ""'배우',"", ""'배송',"", ""'병동',"", ""'백두산',"", ""'우산',"", ""'백현동',"", ""'배포',""]"
지방 세제 개편 사면 취득세 한도 면제,가구 주택,전세 사기,"['전세', '개편', '한도', '주택', '사면', '세제', '취득세', '면제', '지방', '가구', '사기', '버거', '배포', '백두산', '백현동', '백화점', '배지', '배우', '배송', '히알루론산', '버스', '버스킹', '벌금', '법률', '법원', '법전', '베이트', '변경', '변신', '병동']","[""['전세',"", ""'병동']"", ""'한도',"", ""'세제',"", ""'변신',"", ""'사기',"", ""'버거',"", ""'배포',"", ""'백두산',"", ""'백현동',""]"
삼양식품 국물 라면 브랜드 출시,삼양식품,제품 종류 강도 한눈 보기 그래프 도식 브랜드 제공 직관 신제품 후추 소고기 라면 제품 스트레스 해소,"['브랜드', '삼양식품', '라면', '제품', '신제품', '스트레스', '그래프', '소고기', '도식', '국물', '해소', '종류', '한눈', '보기', '직관', '강도', '후추', '출시', '제공', '백두산', '배우', '배송', '배포', '배상', '배지', '히알루론산', '백현동', '백화점', '버거', '버스']","[""'라면',"", ""['브랜드',"", ""'보기',"", ""'버스']"", ""'배우',"", ""'소고기',"", ""'그래프',"", ""'스트레스',"", ""'한눈',"", ""'직관',""]"
방심 위원장 해촉 정연주 후임 희림 미디어 연대 공동 대표,미디어 연대,방송통신 심의 위원회 최근 해촉 정연주 위원장 후임 희림 미디어 연대 대표 위촉 대구 출신 신임 방심위 기자 이사 플러스 대표이사 사장 미디어 연대 공동 대표 윤석열 대통령 위촉,"['연대', '미디어', '대표', '위촉', '후임', '공동', '위원장', '희림', '해촉', '정연주', '이사', '심의', '방심', '출신', '신임', '플러스', '사장', '대표이사', '방심위', '방송통신', '윤석열', '최근', '대구', '기자', '위원회', '대통령', '백화점', '백두산', '배포', '배지']","[""['연대',"", ""'배지']"", ""'대통령',"", ""'대표',"", ""'미디어',"", '대통령', ""'최근',"", ""'방심',"", ""'배포',"", ""'위촉',""]"
장기 서학 개미 수익률 주목,미국,재정 적자 문제,"['장기', '재정', '개미', '서학', '수익률', '주목', '적자', '문제', '미국', '배포', '버스', '배지', '백두산', '백현동', '배우', '배송', '백화점', '버거', '히알루론산', '버스킹', '번의', '배상', '법률', '법원', '법전', '베이트', '변경', '변신', '병동', '병원']","[""['장기',"", ""'히알루론산',"", ""'버거',"", ""'배포',"", ""'병동',"", ""'배지',"", ""'백두산',"", ""'백현동',"", ""'서학',"", ""'배송',""]"
김광현 오승환 일본 국가대표 에이스,세인트루이스,애덤 웨인라이트 시즌 종료 현역 은퇴 선언,"['종료', '오승환', '웨인라이트', '김광현', '애덤', '국가대표', '세인트루이스', '에이스', '현역', '선언', '시즌', '은퇴', '일본', '백두산', '백현동', '백화점', '번의', '배포', '버거', '버스', '배지', '버스킹', '히알루론산', '벌금', '법률', '배송', '법원', '법전', '베이트', '변경']","[""['종료',"", ""'변경']"", ""'백현동',"", ""'법률',"", ""'선언',"", ""'오승환',"", ""'웨인라이트',"", ""'김광현',"", ""'애덤',"", ""'국가대표',""]"
코란 모독 파키스탄 무슬림 교회 습격 방화,파키스탄,자란왈라 기독교인 코란 모독 이유 무슬림 기독교 구역 습격 교회 여러 파손,"['코란', '교회', '모독', '무슬림', '파키스탄', '습격', '방화', '이유', '파손', '기독교인', '여러', '자란왈라', '기독교', '구역', '백현동', '법률', '버거', '버스', '버스킹', '번의', '벌금', '백화점', '히알루론산', '법원', '법전', '백두산', '변경', '변신', '병동', '병원']","[""['코란',"", ""'병원']"", ""'기독교인',"", ""'이유',"", ""'기독교',"", ""'방화',"", ""'백현동',"", ""'법률',"", ""'버스킹',"", ""'번의',""]"
징비 나라 미래 이현종 시론,정부 조직 위원회 전북도,수해 대형 사고 학교 폭력,"['수해', '징비', '미래', '폭력', '전북도', '이현종', '나라', '조직', '사고', '시론', '학교', '대형', '정부', '위원회', '백화점', '배지', '배포', '배우', '배송', '백두산', '백현동', '히알루론산', '버거', '버스', '번의', '벌금', '법률', '법원', '법전', '베이트']","[""['수해',"", ""'베이트']"", ""'배우',"", ""'학교',"", ""'폭력',"", ""'시론',"", ""'번의',"", ""'배지',"", ""'전북도',"", ""'이현종',""]"
송재우 야구 오심 경기 일부 비디오 판독 시대 헛소리,심판 사람,스트라이크 판정 문제,"['일부', '판독', '헛소리', '사람', '비디오', '송재우', '오심', '스트라이크', '시대', '야구', '판정', '심판', '문제', '경기', '버거', '백화점', '히알루론산', '백두산', '백현동', '버스킹', '배포', '버스', '법률', '번의', '벌금', '배우', '법원', '법전', '베이트', '변경']","[""'변경']"", ""['일부',"", ""'사람',"", ""'배우',"", ""'헛소리',"", ""'버거',"", ""'판독',"", ""'비디오',"", ""'송재우',"", ""'오심',""]"
로또 당첨 자의 직장인 인증 회사 계속,직장인,행복,"['직장인', '당첨', '인증', '자의', '로또', '행복', '회사', '계속', '법전', '백화점', '배상', '배송', '병원', '배우', '배지', '배포', '백두산', '백현동', '병동', '버거', '법원', '버스', '버스킹', '번의', '배구', '변신', '벌금', '법률', '변경', '베이트']","[""['직장인',"", ""'베이트']"", ""'배우',"", ""'백두산',"", ""'당첨',"", ""'인증',"", ""'로또',"", ""'계속',"", ""'법전',"", ""'변경',""]"
연합 시론 전경련 복귀 수순 그룹 정경 유착 고리,전경련,국정 농단 사태,"['전경련', '정경', '연합', '수순', '유착', '농단', '국정', '고리', '시론', '복귀', '그룹', '사태', '버거', '버스', '백현동', '백두산', '버스킹', '번의', '배포', '백화점', '법률', '벌금', '배우', '법원', '법전', '베이트', '변경', '변신', '병동', '병원']","[""['전경련',"", ""'병원']"", ""'배우',"", ""'수순',"", ""'유착',"", ""'백두산',"", ""'정경',"", ""'농단',"", ""'국정',"", ""'고리',""]"
우주 패권 강화 머스크 스페이스 적자 탈출,머스크,스페이스 사실 우주 발사체 시장 장악 보도 스페이스 경쟁 속도 가격 검증 재사용 로켓 발사체 시장 상당 부분 장악,"['스페이스', '발사체', '머스크', '장악', '우주', '시장', '상당', '재사용', '속도', '로켓', '탈출', '패권', '경쟁', '사실', '보도', '강화', '검증', '부분', '적자', '가격', '각성', '베이트', '백두산', '백현동', '백화점', '버거', '버스', '버스킹', '번의', '벌금']","[""['스페이스',"", ""'벌금']"", ""'사실',"", ""'시장',"", ""'가격',"", ""'보도',"", ""'재사용',"", ""'상당',"", ""'각성',"", ""'베이트',""]"
원전 포함 탄소 전원 확대 필요 에너지 장관 회의 강조,산업 통상 자원부,탄소,"['탄소', '필요', '강조', '포함', '원전', '전원', '확대', '통상', '장관', '자원부', '에너지', '회의', '산업', '발각', '백화점', '배우', '반박', '배지', '반바지', '배포', '백두산', '백현동', '버스', '버거', '배상', '버스킹', '번의', '벌금', '법률', '법원']","[""['탄소',"", ""'장관',"", ""'법원']"", ""'강조',"", ""'포함',"", ""'자원부',"", ""'발각',"", ""'필요',"", ""'원전',"", ""'전원',""]"
대전 관광 공사 해군 대학 업무 협약 체결,대전 관광 공사,꿀잼 도시 대전,"['대전', '관광', '공사', '꿀잼', '해군', '협약', '도시', '체결', '업무', '대학', '배지', '백두산', '백현동', '백화점', '버거', '버스', '배포', '히알루론산', '배송', '버스킹', '번의', '벌금', '법률', '법원', '법전', '베이트', '변경', '변신', '병동', '병원']","[""['대전',"", ""'병원']"", ""'대학',"", ""'배포',"", ""'꿀잼',"", ""'해군',"", ""'협약',"", ""'병동',"", ""'배지',"", ""'백두산',""]"
롯데 스케 체결 기반 맞춤 멘탈 케어 가이드 제공,,멘탈 헬스,"['멘탈', '맞춤', '가이드', '케어', '헬스', '체결', '롯데', '스케', '기반', '제공', '백두산', '번의', '백현동', '백화점', '배포', '배지', '버거', '버스', '버스킹', '법전', '벌금', '법률', '법원', '배송', '베이트', '변경', '변신', '병동', '병원', '보강']","[""['멘탈',"", ""'보강']"", ""'배지',"", ""'맞춤',"", ""'가이드',"", ""'케어',"", ""'헬스',"", ""'체결',"", ""'기반',"", ""'백두산',""]"
교권 회복 대책 한계 근원 문제 포럼,학부모,아동학대 처벌,"['회복', '대책', '한계', '아동학대', '근원', '학부모', '교권', '처벌', '포럼', '문제', '백두산', '백현동', '백화점', '버거', '배포', '배지', '버스', '버스킹', '배우', '히알루론산', '배상', '번의', '벌금', '법률', '법원', '법전', '베이트', '변경', '변신', '병동']","[""['회복',"", ""'병동']"", ""'포럼',"", ""'대책',"", ""'배우',"", ""'법전',"", ""'버거',"", ""'학부모',"", ""'교권',"", ""'처벌',""]"
문체부 검정 고무신 저작자 이우영 작가 인정 환영,한국 저작권 위원회,검정 고무신 사태,"['고무신', '검정', '환영', '인정', '작가', '문체부', '이우영', '저작자', '저작권', '사태', '위원회', '한국', '부품', '방통위', '배구', '배병준', '배상', '배송', '배우', '배지', '배포', '백두산', '백현동', '백화점', '버거', '버스', '버스킹', '번의', '벌금', '북한']","[""['고무신',"", ""'북한']"", ""'한국',"", ""'배우',"", ""'배상',"", ""'검정',"", ""'작가',"", ""'문체부',"", ""'이우영',"", ""'벌금',""]"
이슈 하와이 산불 사망자 대피,한국 재난 관리 학회,미국 하와이 마우이 산불 참사,"['산불', '하와이', '재난', '사망자', '대피', '학회', '참사', '마우이', '이슈', '관리', '미국', '한국', '백화점', '백두산', '배포', '배지', '배우', '배송', '백현동', '히알루론산', '버거', '버스', '배상', '번의', '벌금', '법률', '법원', '법전', '베이트', '변경']","[""['산불',"", ""'변경']"", ""'배우',"", ""'한국',"", ""'재난',"", ""'벌금',"", ""'사망자',"", ""'히알루론산',"", ""'이슈',"", ""'배포',""]"
안보리 인권 회의 서도 한미 북중 확인,한미,린다 토머스 그린필드 주유 미국 대사 미히로 일본 대사 이해 사국 자격 참석 황준 유엔 대사 북한 당국 불법 대량 살상 무기 탄도미사일 개발 아무 자원 주민 대한 구조 인권 탄압,"['대사', '인권', '한미', '황준', '주유', '대한', '미히로', '아무', '살상', '그린필드', '사국', '대량', '토머스', '탄압', '탄도미사일', '린다', '북중', '서도', '구조', '확인', '불법', '유엔', '당국', '안보리', '참석', '이해', '무기', '자격', '주민', '자원']","[""['대사',"", ""'자원']"", ""'당국',"", ""'주민',"", ""'대한',"", ""'참석',"", ""'대량',"", ""'자격',"", ""'무기',"", ""'인권',""]"
러시아 구글 가짜 뉴스 삭제 혐의 벌금,애플 위키미디어 재단,우크라이나 침공,"['위키미디어', '삭제', '침공', '구글', '가짜', '벌금', '재단', '애플', '우크라이나', '러시아', '혐의', '뉴스', '버스', '법률', '버스킹', '번의', '백화점', '백현동', '버거', '히알루론산', '법원', '법전', '배포', '베이트', '변경', '변신', '병동', '병원', '보강', '보건']","[""['위키미디어',"", ""'보건']"", ""'뉴스',"", ""'버스킹',"", ""'삭제',"", ""'침공',"", ""'구글',"", ""'가짜',"", ""'벌금',"", ""'애플',""]"
한국인 아기레 경기 불만 이제 이강인 한국 시장,구단,라리가 라커룸 중계 카메라 설치,"['불만', '아기레', '라커룸', '라리가', '중계', '이제', '카메라', '구단', '설치', '한국인', '이강인', '시장', '경기', '한국', '시계', '방출', '방화', '배구', '배병준', '배상', '배송', '배우', '배지', '배포', '백두산', '백현동', '백화점', '버거', '버스', '버스킹']","[""['불만',"", ""'버스킹']"", ""'시장',"", ""'배우',"", ""'한국',"", ""'라커룸',"", ""'라리가',"", ""'설치',"", ""'한국인',"", ""'백두산',""]"
북러 무기 거래 연루 러시아 기업 기관 제재,북한,북한 러시아 불법 무기 거래,"['무기', '거래', '러시아', '북한', '북러', '연루', '제재', '불법', '기업', '기관', '배지', '배포', '백두산', '배우', '백현동', '백화점', '버거', '버스', '버스킹', '번의', '벌금', '베이트', '법률', '법원', '법전', '배상', '변경', '변신', '병동', '병원']","[""['무기',"", ""'불법',"", ""'버스킹',"", ""'배지',"", ""'배포',"", ""'백두산',"", ""'연루',"", ""'백현동',"", ""'북러',"", ""'버거',""]"
편의점 왕국 일본도 임대료 인건비 상승 김경민 도쿄,드러그스토어,테마 파편,"['인건비', '일본도', '김경민', '왕국', '편의점', '드러그스토어', '파편', '임대료', '도쿄', '테마', '상승', '백현동', '백두산', '백화점', '버거', '버스', '버스킹', '히알루론산', '법원', '번의', '벌금', '법률', '배지', '법전', '베이트', '변경', '변신', '병동', '병원', '보강']","[""['인건비',"", ""'보강']"", ""'버거',"", ""'일본도',"", ""'김경민',"", ""'왕국',"", ""'편의점',"", ""'드러그스토어',"", ""'파편',"", ""'임대료',""]"
저작권 소송 엔씨 창작 웹젠 항소,웹젠,저작권 침해 소송,"['웹젠', '저작권', '소송', '항소', '창작', '엔씨', '침해', '히알루론산', '백화점', '백현동', '배포', '백두산', '버스', '배지', '배우', '배송', '버거', '번의', '버스킹', '배병준', '벌금', '법률', '법원', '법전', '베이트', '변경', '변신', '병동', '병원', '보강']","[""['웹젠',"", ""'보강']"", ""'소송',"", ""'배우',"", ""'배송',"", ""'저작권',"", ""'항소',"", ""'창작',"", ""'엔씨',"", ""'침해',""]"
탐사선 루나 궤도 진입 남극 착륙,러시아 연방 우주 공사,제보,"['궤도', '남극', '탐사선', '착륙', '루나', '진입', '제보', '연방', '우주', '러시아', '공사', '배지', '배우', '백두산', '백현동', '백화점', '버거', '버스', '배송', '배포', '번의', '버스킹', '배병준', '벌금', '법률', '법원', '법전', '베이트', '변경', '변신']","[""['궤도',"", ""'변신']"", ""'배우',"", ""'백현동',"", ""'남극',"", ""'탐사선',"", ""'착륙',"", ""'루나',"", ""'진입',"", ""'제보',""]"
천하태평 제롬 각성 이혜영 재혼 기운 싱글즈,,룸메이트 상대 호감 얄궂 운명,"['제롬', '천하태평', '얄궂', '호감', '각성', '운명', '기운', '이혜영', '싱글즈', '룸메이트', '재혼', '상대', '베이트', '버거', '배송', '배우', '배지', '배포', '백두산', '병원', '백현동', '백화점', '병동', '법전', '버스', '버스킹', '변신', '변경', '벌금', '법률']","[""['제롬',"", ""'법률']"", ""'배우',"", ""'천하태평',"", ""'얄궂',"", ""'호감',"", ""'운명',"", ""'기운',"", ""'이혜영',"", ""'벌금',""]"
로빈 충북 청주 연승 김포 대결 리그 라운드 프리뷰,한국 프로축구 연맹,닥공 부재,"['부재', '닥공', '프리뷰', '로빈', '충북', '라운드', '청주', '연승', '프로축구', '김포', '리그', '연맹', '대결', '한국', '버거', '배상', '배송', '배우', '병동', '배지', '배포', '백두산', '백현동', '백화점', '버스킹', '버스', '베이트', '변신', '번의', '벌금']","[""['부재',"", ""'벌금']"", ""'배우',"", ""'한국',"", ""'닥공',"", ""'충북',"", ""'청주',"", ""'번의',"", ""'대결',"", ""'배상',""]"
전북 지역 소식 고창 완주 남원,주민 공동체,영산 생태 복원,"['남원', '고창', '복원', '전북', '공동체', '영산', '생태', '완주', '주민', '소식', '지역', '버스킹', '백화점', '백현동', '백두산', '배포', '버거', '버스', '벌금', '번의', '배우', '법률', '법원', '법전', '베이트', '변경', '변신', '병동', '병원', '보강']","[""['남원',"", ""'보강']"", ""'지역',"", ""'배우',"", ""'주민',"", ""'백두산',"", ""'고창',"", ""'복원',"", ""'전북',"", ""'영산',""]"
법원 웹젠 리니지 표절 엔씨 승소,웹젠,저작권 침해 소송,"['웹젠', '리니지', '표절', '승소', '엔씨', '소송', '저작권', '침해', '법원', '북미', '버거', '배병준', '배상', '배송', '배우', '배지', '배포', '백두산', '분리', '백현동', '백화점', '버스', '분양', '버스킹', '번의', '벌금', '법률', '법전', '베이트', '변경']","[""['웹젠',"", ""'변경']"", ""'배지',"", ""'리니지',"", ""'표절',"", ""'승소',"", ""'엔씨',"", ""'저작권',"", ""'침해',"", ""'베이트',""]"
포지션 변경 중인 한국 가스 공사 신승민 단추,한국 가스 공사,신승민 수비 작년 경험 공격 웃음 타이밍 공격 번의 움직임 부분 수정 라며 공격 아쉬움 강혁 한국 가스 공사,"['가스', '공격', '공사', '신승민', '한국', '경험', '웃음', '번의', '포지션', '수정', '움직임', '아쉬움', '타이밍', '작년', '변경', '수비', '강혁', '단추', '라며', '중인', '부분', '배포', '백화점', '백두산', '배지', '백현동', '히알루론산', '버거', '버스', '버스킹']","[""['가스',"", ""'버스킹']"", ""'변경',"", ""'버거',"", ""'번의',"", ""'배포',"", ""'부분',"", ""'작년',"", ""'경험',"", ""'포지션',""]"
자기계발 진심 세대 직장 플랫폼 해결사,민트 디지털 마케팅 데이터 노하우 다방면 접목 업무 축시 최고 복지 동료 동료 직장인 업무 수행 업무 만족도 매우 인재 검증 플랫폼,클래스,"['업무', '플랫폼', '동료', '직장', '자기계발', '진심', '인재', '접목', '민트', '클래스', '매우', '세대', '해결사', '만족도', '다방면', '수행', '축시', '노하우', '복지', '검증', '최고', '디지털', '직장인', '마케팅', '데이터', '배포', '배지', '배우', '백두산', '배송']","[""['업무',"", ""'배송']"", ""'배우',"", ""'최고',"", ""'수행',"", ""'배지',"", ""'플랫폼',"", ""'동료',"", ""'직장',"", ""'자기계발',""]"
이동환 앤드 농구 대표팀 광복절 굴욕,대한민국 농구 협회,대형 사건,"['농구', '굴욕', '광복절', '앤드', '이동환', '협회', '대한민국', '대형', '대표팀', '사건', '배포', '백두산', '백현동', '백화점', '버거', '버스', '히알루론산', '버스킹', '배지', '벌금', '법률', '법원', '법전', '베이트', '변경', '변신', '병동', '병원', '보강', '보건']","[""['농구',"", ""'보건']"", ""'사건',"", ""'병동',"", ""'버거',"", ""'굴욕',"", ""'광복절',"", ""'앤드',"", ""'이동환',"", ""'대한민국',""]"
대전 소식 시립 박물관 어린이 체험 전시 탐험대 개막,전시,일상 효율 시계,"['전시', '박물관', '효율', '탐험대', '시계', '시립', '일상', '체험', '개막', '어린이', '소식', '대전', '배우', '백현동', '배지', '배송', '배포', '배상', '백두산', '히알루론산', '버스킹', '백화점', '버거', '버스', '배구', '번의', '벌금', '법률', '법원', '법전']","[""['전시',"", ""'법전']"", ""'체험',"", ""'박물관',"", ""'배우',"", ""'배송',"", ""'시립',"", ""'일상',"", ""'어린이',"", ""'소식',""]"
조승우 재림 뮤지컬 오페라 유령 분량 티켓 오픈 피켓 전쟁,에스 앤코,오페라 유령,"['오페라', '유령', '조승우', '분량', '티켓', '에스', '피켓', '뮤지컬', '앤코', '재림', '오픈', '전쟁', '베이트', '법전', '배송', '배우', '보강', '병원', '배지', '배포', '백두산', '백현동', '백화점', '버거', '병동', '변신', '버스', '버스킹', '변경', '배상']","[""['오페라',"", ""'배상']"", ""'배우',"", ""'보강',"", ""'유령',"", ""'티켓',"", ""'에스',"", ""'피켓',"", ""'변경',"", ""'베이트',""]"
대한민국 황소 황희 일본 적토마 미토 한일전 진검 승부,브라이튼 앤호브 알비 온스,미니 한일전,"['한일전', '브라이튼', '미니', '앤호브', '황소', '진검', '미토', '적토마', '황희', '알비', '온스', '승부', '대한민국', '일본', '백화점', '배상', '배송', '배우', '배지', '변신', '배포', '백두산', '백현동', '변경', '버거', '법률', '버스', '베이트', '버스킹', '번의']","[""['한일전',"", ""'번의']"", ""'배우',"", ""'브라이튼',"", ""'미니',"", ""'황희',"", ""'적토마',"", ""'변신',"", ""'버거',"", ""'백현동',""]"
추경호 유류 인하 연장 저하 종합,아시아 개발 은행,저하,"['저하', '유류', '추경호', '인하', '아시아', '은행', '연장', '종합', '개발', '배포', '백두산', '백현동', '배지', '배우', '백화점', '버거', '버스', '버스킹', '번의', '배상', '벌금', '법률', '법원', '법전', '베이트', '변경', '변신', '병동', '병원', '보강']","[""['저하',"", ""'보강']"", ""'종합',"", ""'배우',"", ""'아시아',"", ""'버거',"", ""'유류',"", ""'추경호',"", ""'인하',"", ""'연장',""]"
그리스도인,그리스도인,그리스도인 고난,"['그리스도인', '고난', '히알루론산', '배우', '배지', '배포', '백두산', '백현동', '백화점', '버거', '버스', '버스킹', '번의', '벌금', '법률', '법원', '배상', '법전', '베이트', '변경', '변신', '병동', '병원', '보강', '보건', '보건복지부', '보고', '보고서', '배송', '배병준']","[""'배병준']"", ""['그리스도인',"", ""'배우',"", ""'배포',"", ""'법률',"", ""'고난',"", ""'히알루론산',"", ""'배지',"", ""'백두산',"", ""'백현동',""]"
거미집 정수정 라이 스타 변신 대사 출연,유림,영화 거미집 결말 걸작 감독 송강호 검열 내용 이해 배우 제작자 일보 직전 악조건 촬영 붙이 작품,"['거미집', '악조건', '붙이', '걸작', '검열', '송강호', '결말', '직전', '영화', '라이', '스타', '변신', '내용', '일보', '제작자', '정수정', '유림', '출연', '작품', '이해', '배우', '감독', '대사', '촬영', '변경', '백현동', '백화점', '버거', '반영', '버스']","[""['거미집',"", ""'버스']"", ""'배우',"", ""'촬영',"", ""'일보',"", ""'반영',"", ""'대사',"", ""'악조건',"", ""'직전',"", ""'정수정',""]"
한기대 공용 장비 센터 국제 공인 시험 기관 자격 유지,산업 통상 자원부 국가기술표준원,,"['국가기술표준원', '시험', '장비', '공용', '한기대', '센터', '공인', '자원부', '통상', '유지', '국제', '자격', '산업', '기관', '백두산', '백현동', '버스', '백화점', '배포', '버거', '히알루론산', '벌금', '버스킹', '번의', '배우', '법률', '법원', '법전', '베이트', '변경']","[""['국가기술표준원',"", ""'변경']"", ""'국제',"", ""'배우',"", ""'배포',"", ""'한기대',"", ""'공인',"", ""'베이트',"", ""'자격',"", ""'백현동',""]"
일본 무역수지 개월 적자 기록,일본 재무성,일본 도쿄 긴자 거리 시민 횡단보도 모습,"['일본', '무역수지', '기록', '긴자', '재무성', '횡단보도', '모습', '시민', '거리', '도쿄', '개월', '적자', '법률', '백두산', '백현동', '백화점', '버거', '버스', '버스킹', '번의', '보건복지부', '벌금', '법전', '법원', '병원', '베이트', '변경', '배지', '변신', '보건']","[""['일본',"", ""'시민',"", ""'기록',"", ""'거리',"", ""'법원',"", ""'도쿄',"", ""'긴자',"", ""'모습',"", ""'변신',"", ""'적자',""]"
코란 모독 무슬림 태운 교회 집기,파키스탄 파이살라바드 인근 자란왈라 무슬림,자란왈라 기독교인 코란 모독 이유 무슬림 기독교 구역 습격 교회 여러 파손,"['무슬림', '코란', '자란왈라', '교회', '모독', '태운', '파이살라바드', '집기', '기독교', '기독교인', '여러', '이유', '인근', '파손', '구역', '파키스탄', '습격', '버스킹', '백현동', '버거', '버스', '백화점', '법원', '번의', '벌금', '법률', '배포', '법전', '베이트', '변경']","[""['무슬림',"", ""'변경']"", ""'버스킹',"", ""'자란왈라',"", ""'베이트',"", ""'기독교인',"", ""'습격',"", ""'여러',"", ""'번의',"", ""'파이살라바드',""]"
군수 열차 폭격 지원 스트라이커 대도 파괴,러시아군,러시아군 우크라이나 동부 일대 미사일 공격 우크라이나 군수 열차 미국 지원 스트라이커 장갑차 파괴,"['파괴', '스트라이커', '군수', '열차', '러시아군', '우크라이나', '지원', '동부', '장갑차', '일대', '미사일', '폭격', '대도', '공격', '미국', '배지', '버거', '배포', '백두산', '백현동', '백화점', '히알루론산', '버스', '번의', '벌금', '법률', '법원', '법전', '베이트', '변경']","[""['파괴',"", ""'변경']"", ""'지원',"", ""'일대',"", ""'동부',"", ""'대도',"", ""'공격',"", ""'배지',"", ""'우크라이나',"", ""'백두산',""]"
임관식 안산 사령탑 교체 경기,안산 사령탑 지휘 경기 승리 다짐 안산 오후 안산 스타디움 충남 아산,안산 사령탑 지휘 경기 승리 다짐 안산 오후 안산 스타디움 충남 아산 하나원 리그,"['안산', '사령탑', '경기', '다짐', '지휘', '충남', '아산', '스타디움', '승리', '오후', '교체', '하나원', '임관식', '리그', '법원', '백두산', '백현동', '백화점', '버거', '버스', '버스킹', '번의', '벌금', '법률', '발언', '발롱도르', '발각', '법전', '베이트', '변경']","[""['안산',"", ""'변경']"", ""'발언',"", ""'임관식',"", ""'베이트',"", ""'사령탑',"", ""'다짐',"", ""'지휘',"", ""'충남',"", ""'아산',""]"
한화 사랑 헌신 기회,랜더,한승혁 장민재 선발 로테이션 이탈,"['헌신', '한화', '한승혁', '장민재', '랜더', '로테이션', '이탈', '선발', '기회', '사랑', '백두산', '백현동', '히알루론산', '배포', '버거', '배지', '배우', '백화점', '버스킹', '버스', '배상', '번의', '벌금', '법률', '법원', '법전', '베이트', '변경', '변신', '병동']","[""['헌신',"", ""'병동']"", ""'사랑',"", ""'배우',"", ""'베이트',"", ""'백현동',"", ""'변경',"", ""'한화',"", ""'한승혁',"", ""'장민재',""]"
외국 선수 에릭 리바운드 나이지리아 말리 쿼터 역전패,말리,세네갈 말리 나이지리아 올림픽 자격 예선 하위 파리 올림픽 최종 예선 진출 사진 제공,"['말리', '나이지리아', '예선', '올림픽', '쿼터', '파리', '외국', '역전패', '에릭', '세네갈', '선수', '리바운드', '최종', '하위', '진출', '자격', '사진', '제공', '부엌', '배지', '부품', '방위사업청', '방출', '방통위', '방화', '배구', '배병준', '배상', '배송', '배우']","[""['말리',"", ""'사진',"", ""'배우']"", ""'배병준',"", ""'배구',"", ""'파리',"", ""'외국',"", ""'역전패',"", ""'에릭',"", ""'세네갈',""]"
연세 사랑 병원 개원 주년 확장 이전,연세 사랑 병원,척추 질환 진단 감염 관리 위해 온도 습도 유지 수술실 첨단 공조 시스템 마련 환자 수요 이동 편의 위해 엘리베이터 증설 호기 운영 환자 관리 안전 위해 병동 간호 간병 서비스 대리 수술,"['위해', '환자', '연세', '병원', '사랑', '관리', '안전', '주년', '증설', '확장', '감염', '수술실', '공조', '호기', '질환', '수요', '개원', '편의', '진단', '간병', '간호', '이동', '척추', '병동', '대리', '습도', '이전', '엘리베이터', '첨단', '시스템']","[""['위해',"", ""'시스템']"", ""'안전',"", ""'질환',"", ""'연세',"", ""'첨단',"", ""'증설',"", ""'확장',"", ""'감염',"", ""'수술실',""]"
마지막 최완 김행 정예 성과 본선 진출 조명 패자부활전 월드 쿠션 서바이벌,조명,월드 쿠션 서바이벌,"['서바이벌', '쿠션', '조명', '월드', '본선', '패자부활전', '정예', '김행', '최완', '성과', '마지막', '진출', '백두산', '백현동', '히알루론산', '백화점', '배지', '배우', '배송', '배포', '버스', '버거', '배병준', '버스킹', '번의', '벌금', '법률', '법원', '법전', '베이트']","[""['서바이벌',"", ""'베이트']"", ""'성과',"", ""'배우',"", ""'벌금',"", ""'마지막',"", ""'진출',"", ""'법전',"", ""'히알루론산',"", ""'패자부활전',""]"
잿더미 하와이 지붕 비밀,펠레 마우이 카운티 경찰서,하와이 산불 참사,"['하와이', '잿더미', '경찰서', '지붕', '비밀', '펠레', '카운티', '참사', '마우이', '산불', '버스킹', '백두산', '백현동', '배포', '백화점', '버거', '배지', '배우', '버스', '히알루론산', '번의', '벌금', '배상', '법률', '법원', '법전', '베이트', '변경', '변신', '병동']","[""['하와이',"", ""'병동']"", ""'배우',"", ""'히알루론산',"", ""'비밀',"", ""'산불',"", ""'법률',"", ""'백두산',"", ""'변경',"", ""'잿더미',""]"
히알루론산 필러 볼렉스 태국 품목 허가 획득,태국 식약청,,"['태국', '식약청', '히알루론산', '필러', '허가', '품목', '볼렉스', '획득', '배포', '백화점', '백현동', '백두산', '배지', '버스', '배우', '배송', '배상', '버거', '벌금', '버스킹', '번의', '배구', '법률', '법원', '법전', '베이트', '변경', '변신', '병동', '병원']","[""['태국',"", ""'병원']"", ""'배우',"", ""'배송',"", ""'식약청',"", ""'히알루론산',"", ""'필러',"", ""'품목',"", ""'볼렉스',"", ""'획득',""]"
우승 마무리 외국인 감독 바람 하위 반란 예고,한국 배구 연맹,대회 외국인 감독 바람 하위 반란 예고,"['반란', '하위', '예고', '감독', '바람', '외국인', '우승', '마무리', '대회', '연맹', '배구', '한국', '발인', '발각', '발목', '발롱도르', '백화점', '버거', '발령', '버스', '버스킹', '번의', '벌금', '법률', '백두산', '법원', '법전', '베이트', '변경', '변신']","[""['반란',"", ""'변신']"", ""'마무리',"", ""'발인',"", ""'발각',"", ""'발목',"", ""'발롱도르',"", ""'예고',"", ""'발령',"", ""'하위',""]"
웰스파고 국채 금리 상한선 근접 국채 투자 막차 탑승 기회,웰스파고,리먼 브러더스 사태,"['웰스파고', '국채', '탑승', '막차', '근접', '브러더스', '상한선', '금리', '기회', '리먼', '투자', '사태', '마무리', '병동', '버스', '버스킹', '번의', '벌금', '법률', '법원', '법전', '베이트', '변경', '변신', '병원', '백화점', '보강', '보건', '보건복지부', '보고']","[""['웰스파고',"", ""'보고']"", ""'투자',"", ""'탑승',"", ""'막차',"", ""'기회',"", ""'리먼',"", ""'마무리',"", ""'국채',"", ""'근접',""]"
모빌리티 인도네시아 소형 전기,한국,인도네시아 사업 추진 탄력 상황 인도네시아 사업 국산 현지 고려 진행 전기차 핵심 부품 모터 동계 부품 국산 적용 인도네시아 현지 부품 비율 현지 부품 시장 기술 상황 파악 현지 통해 가격 경쟁력 확보 계획 박영태,"['부품', '인도네시아', '현지', '국산', '상황', '사업', '동계', '비율', '전기차', '전기', '모빌리티', '확보', '경쟁력', '계획', '고려', '박영태', '탄력', '소형', '모터', '파악', '통해', '추진', '진행', '기술', '핵심', '적용', '가격', '시장', '한국', '부문']","[""['부품',"", ""'시장',"", ""'경쟁력',"", ""'부문']"", ""'기술',"", ""'상황',"", ""'가격',"", ""'한국',"", ""'인도네시아',"", ""'현지',""]"
제트엔진 상승세 임성재 첫날 선두 김주형 위기,잉글랜드,김경호 선임 기자,"['임성재', '첫날', '상승세', '선두', '제트엔진', '김주형', '선임', '잉글랜드', '김경호', '기자', '위기', '베이트', '백두산', '배구', '배병준', '배상', '배송', '배우', '배지', '병동', '변경', '배포', '백현동', '법전', '백화점', '변신', '버스', '버스킹', '방화', '번의']","[""['임성재',"", ""'번의']"", ""'위기',"", ""'상승세',"", ""'김주형',"", ""'선임',"", ""'잉글랜드',"", ""'김경호',"", ""'방화',"", ""'베이트',""]"
바닥 차근차근 발전 신인 주수빈 시즌 도전,투어 유럽 여자 골프 투어 유럽 프로 골프 월드 투어,탈락 위기 김경호 선임 기자,"['투어', '유럽', '골프', '주수빈', '차근차근', '신인', '바닥', '탈락', '발전', '여자', '선임', '김경호', '도전', '시즌', '월드', '프로', '기자', '위기', '백현동', '백두산', '배포', '배지', '배우', '백화점', '배송', '버거', '버스', '법률', '버스킹', '번의']","[""'번의']"", ""['투어',"", ""'배우',"", ""'위기',"", ""'발전',"", ""'기자',"", ""'유럽',"", '여자', ""'월드',"", ""'선임',""]"
대표팀 막내 문정현 대구 연습 경기 소감,,연습 경기,"['연습', '경기', '막내', '소감', '문정현', '대표팀', '대구', '백현동', '버거', '백화점', '배포', '백두산', '버스킹', '배지', '배우', '배송', '버스', '히알루론산', '번의', '배상', '법률', '법원', '법전', '베이트', '변경', '변신', '병동', '병원', '보강', '보건']","[""['연습',"", ""'보건']"", ""'배우',"", ""'경기',"", ""'막내',"", ""'소감',"", ""'문정현',"", ""'대구',"", ""'백현동',"", ""'버거',""]"
김승겸 합참의장 판문점 도끼 만행 사건 희생 추모,판문점,판문점 도끼 만행 사건,"['판문점', '도끼', '만행', '사건', '합참의장', '추모', '김승겸', '희생', '변신', '변경', '배우', '보건', '배지', '보강', '병원', '배포', '백두산', '백현동', '백화점', '버거', '버스', '버스킹', '번의', '배송', '벌금', '법률', '병동', '법원', '법전', '베이트']","[""['판문점',"", ""'베이트']"", ""'사건',"", ""'배우',"", ""'배포',"", ""'도끼',"", ""'만행',"", ""'추모',"", ""'김승겸',"", ""'희생',""]"
나은 경기 배병준 경기,제공,합류 핵심 가드 최성원 존스 도중 부상 이탈 악재,"['경기', '배병준', '악재', '최성원', '가드', '나은', '도중', '합류', '부상', '존스', '이탈', '핵심', '제공', '법원', '백현동', '병동', '변신', '배우', '변경', '배지', '배포', '백두산', '베이트', '법률', '백화점', '버거', '버스', '버스킹', '법전', '배송']","[""'배송']"", ""['경기',"", ""'배우',"", ""'제공',"", ""'배병준',"", ""'악재',"", ""'최성원',"", ""'가드',"", ""'나은',"", ""'도중',""]"
헝다 파산보호 신청 해외 재기,중국,채무불이행 디폴트 가까이 주식 거래 중지 중국 부동산 개발 헝다 에버 미국 법원 파산 보호 신청 중국 부동산 위기,"['중국', '헝다', '신청', '부동산', '주식', '파산보호', '에버', '중지', '파산', '가까이', '보호', '재기', '해외', '채무불이행', '디폴트', '거래', '법원', '개발', '위기', '미국', '백두산', '배포', '배지', '버스', '백현동', '백화점', '버거', '배송', '버스킹', '번의']","[""'번의']"", ""['중국',"", ""'주식',"", ""'신청',"", '주식', ""'법원',"", '보호', ""'보호',"", ""'중지',"", ""'배지',""]"
대통령 부친 발인 장례 절차 오늘 출국,국민,부친상,"['절차', '장례', '오늘', '발인', '부친상', '출국', '부친', '국민', '대통령', '백화점', '버거', '백두산', '백현동', '버스킹', '배포', '배지', '버스', '히알루론산', '번의', '배송', '벌금', '법률', '법원', '법전', '베이트', '변경', '변신', '병동', '병원', '보강']","[""['절차',"", ""'보강']"", ""'대통령',"", ""'국민',"", ""'법원',"", ""'오늘',"", ""'배포',"", ""'장례',"", ""'발인',"", ""'부친상',""]"
애플 삼성 처음,카운터 포인트 리서치,중국 올해 글로벌 스마트폰 판매 감소 주요 원인 작용 북미 지역 상반기 하량 자릿수 하락 설명 보고서 고용 시장 강세 인플레이션 하락,"['하락', '리서치', '강세', '글로벌', '원인', '카운터', '보고서', '삼성', '포인트', '인플레이션', '하량', '설명', '자릿수', '작용', '고용', '북미', '감소', '처음', '상반기', '애플', '스마트폰', '올해', '판매', '지역', '주요', '시장', '중국', '버거', '배상', '배송']","[""['하락',"", ""'배송']"", ""'시장',"", ""'지역',"", ""'글로벌',"", ""'처음',"", '포인트', ""'판매',"", ""'올해',"", ""'자릿수',""]"
씨줄 날줄 해녀 포럼 동구 논설 위원,해녀,환경오염 연안 자원 보존,"['해녀', '씨줄', '날줄', '동구', '보존', '환경오염', '위원', '논설', '연안', '포럼', '자원', '백화점', '백현동', '백두산', '버거', '버스', '버스킹', '배포', '히알루론산', '번의', '배우', '벌금', '법률', '법원', '법전', '베이트', '변경', '변신', '병동', '병원']","[""['해녀',"", ""'포럼',"", ""'병원']"", ""'배우',"", ""'위원',"", ""'백두산',"", ""'씨줄',"", ""'날줄',"", ""'동구',"", ""'환경오염',""]"
불스원 차량 듀얼 코일 무선 충전 거치 출시,불스원,소음 모터 적용 소음 걱정 용감 제공 차량 시동 상태 동작 차량 시동 스마트폰 거치 분리,"['차량', '시동', '불스원', '거치', '소음', '동작', '걱정', '무선', '분리', '상태', '충전', '용감', '코일', '듀얼', '스마트폰', '모터', '출시', '적용', '제공', '마지막', '발각', '배포', '백두산', '백현동', '백화점', '버거', '버스', '버스킹', '리퍼', '번의']","[""'번의']"", ""['차량',"", ""'상태',"", ""'거치',"", ""'걱정',"", ""'무선',"", ""'분리',"", ""'충전',"", ""'용감',"", ""'코일',""]"
최수연 네이버 대표 중소 공인 지원 규모 확대 집중,중소 공인,,"['중소', '공인', '최수연', '네이버', '확대', '집중', '규모', '대표', '지원', '배우', '배지', '버거', '배포', '백두산', '백현동', '배송', '백화점', '히알루론산', '배상', '버스킹', '번의', '벌금', '법률', '법원', '법전', '베이트', '변경', '변신', '병동', '병원']","[""['중소',"", ""'지원',"", ""'공인',"", ""'배상',"", ""'버거',"", ""'배포',"", ""'백두산',"", ""'배송',"", ""'네이버',"", ""'히알루론산',""]"
솔트룩스 자회사 플루 규모 유상증자 결정 주목 공시,플루,기업 소비자 거래,"['플루', '소비자', '자회사', '결정', '공시', '솔트룩스', '유상증자', '규모', '주목', '기업', '거래', '버거', '백화점', '히알루론산', '백현동', '백두산', '배포', '배지', '버스', '벌금', '버스킹', '번의', '배송', '법률', '법원', '법전', '베이트', '변경', '변신', '병동']","[""'병동']"", ""['플루',"", ""'배포',"", ""'자회사',"", ""'공시',"", ""'솔트룩스',"", ""'유상증자',"", ""'변신',"", ""'버거',"", ""'히알루론산',""]"
초점 남친 연예인 산다라박 소유 펠트 걸그룹 과감 비밀연애 고백,,데뷔 연애 금지 문자 사이버 연애,"['연애', '걸그룹', '데뷔', '산다라박', '소유', '비밀연애', '초점', '펠트', '남친', '문자', '연예인', '과감', '고백', '금지', '사이버', '버스킹', '백현동', '보건', '보강', '백화점', '버거', '변신', '버스', '병원', '번의', '변경', '벌금', '병동', '법률', '법원']","[""['연애',"", ""'법원']"", ""'보강',"", ""'걸그룹',"", ""'펠트',"", ""'고백',"", ""'금지',"", ""'초점',"", ""'변신',"", ""'문자',""]"
경량 기술 개발 서비스 기반 마련,노키아 미디어텍,웨어 러블 기기 커넥티드 자동차 스마트 팩토리 기기,"['기기', '경량', '커넥티드', '웨어', '팩토리', '노키아', '미디어텍', '자동차', '스마트', '러블', '서비스', '기술', '마련', '기반', '개발', '버거', '버스', '백화점', '버스킹', '백현동', '번의', '히알루론산', '벌금', '법률', '법원', '백두산', '베이트', '변경', '변신', '병동']","[""['기기',"", ""'병동']"", ""'자동차',"", ""'기술',"", ""'버거',"", ""'경량',"", ""'커넥티드',"", ""'팩토리',"", ""'노키아',"", ""'변신',""]"
코트 야드 메리어트 서울 타임스퀘어 호텔 가을 피크닉 테마 패키지 선봬,코트 야드 메리어트 서울 타임스퀘어 호텔,,"['야드', '메리어트', '타임스퀘어', '호텔', '코트', '서울', '가을', '선봬', '패키지', '피크닉', '테마', '히알루론산', '버거', '백화점', '백현동', '버스킹', '백두산', '배포', '배지', '버스', '법원', '번의', '벌금', '법률', '배송', '법전', '베이트', '변경', '변신', '병동']","[""['야드',"", ""'병동']"", ""'배지',"", ""'히알루론산',"", ""'버거',"", ""'배포',"", ""'가을',"", ""'법률',"", ""'배송',"", ""'벌금',""]"
다나카 구역 노래 발탁 송가 인과 노래 대결 공식,,한국 최고 가수 다나카 대한민국 슈퍼스타 버스킹 무대 노래방 대결 음악 예능 프로그램,"['노래', '다나카', '대결', '무대', '송가', '노래방', '버스킹', '슈퍼스타', '인과', '발탁', '가수', '예능', '음악', '공식', '최고', '구역', '프로그램', '대한민국', '한국', '방송', '법률', '발인', '버거', '버스', '발언', '발사체', '발목', '번의', '벌금', '발롱도르']","[""['노래',"", ""'발언',"", ""'발롱도르']"", ""'프로그램',"", ""'한국',"", ""'음악',"", ""'최고',"", ""'방송',"", ""'벌금',"", ""'송가',""]"
심장 희귀 소년 수술 성공,한국 병원 후원 단체,심장,"['심장', '희귀', '단체', '소년', '병원', '후원', '성공', '수술', '한국', '히알루론산', '배지', '백두산', '배포', '배병준', '배우', '배송', '배상', '백화점', '배구', '백현동', '버스킹', '버거', '버스', '번의', '벌금', '법률', '법원', '법전', '베이트', '변경']","[""['심장',"", ""'변경']"", ""'수술',"", ""'배우',"", ""'한국',"", ""'희귀',"", ""'소년',"", ""'후원',"", ""'성공',"", ""'베이트',""]"
박광온 이재명 검찰조사 시대,민주당,경기 성남시 백현동 특혜 의혹,"['검찰조사', '성남시', '박광온', '특혜', '백현동', '시대', '이재명', '민주당', '의혹', '경기', '변신', '버스', '배지', '보건복지부', '배포', '백두산', '보건', '백화점', '버거', '버스킹', '병동', '번의', '벌금', '배송', '법률', '법원', '보강', '병원', '법전', '베이트']","[""['검찰조사',"", ""'베이트']"", ""'민주당',"", ""'경기',"", ""'법원',"", ""'보건복지부',"", ""'성남시',"", ""'박광온',"", ""'특혜',"", ""'백현동',""]"
김포시 김포 골드 라인 혼잡 개선 풍무동 대형 버스 투입,서울시,김포 골드 라인 혼잡 개선,"['혼잡', '라인', '개선', '골드', '김포', '김포시', '풍무동', '투입', '서울시', '버스', '대형', '백두산', '백현동', '백화점', '버거', '버스킹', '히알루론산', '벌금', '번의', '배지', '법률', '법원', '법전', '베이트', '변경', '변신', '병동', '병원', '보강', '보건']","[""['혼잡',"", ""'보건']"", ""'법원',"", ""'개선',"", ""'변경',"", ""'히알루론산',"", ""'보강',"", ""'대형',"", ""'백두산',"", ""'김포시',""]"
금감원 대학생 금융 교육 봉사 출범,금융감독원,금융 교육 표준 강의 활용 금융시장 관련 최근 이슈,"['교육', '금융', '강의', '대학생', '출범', '봉사', '금감원', '금융시장', '금융감독원', '활용', '표준', '관련', '이슈', '최근', '버거', '버스', '버스킹', '백화점', '백현동', '번의', '법전', '벌금', '법률', '법원', '베이트', '변경', '변신', '병동', '병원', '보강']","[""'보강']"", ""'관련',"", ""['교육',"", ""'번의',"", ""'금융시장',"", ""'이슈',"", ""'백현동',"", ""'금감원',"", ""'벌금',"", ""'표준',""]"
섹터 그룹 책임 경영 가속 성현 부회장 승진 임명,그룹 인사 혁신,원자재 가격 상승 부동산 경기 위축,"['그룹', '승진', '임명', '경영', '섹터', '원자재', '가속', '부회장', '성현', '책임', '위축', '인사', '상승', '혁신', '가격', '부동산', '경기', '벌금', '베이트', '병동', '배송', '변신', '배우', '변경', '배지', '배포', '법전', '법률', '백두산', '백현동']","[""['그룹',"", ""'백현동']"", ""'벌금',"", ""'섹터',"", ""'백두산',"", ""'위축',"", ""'원자재',"", ""'변경',"", ""'임명',"", ""'부회장',""]"
파수 사이버 나이트 중동 시장 공략 성장 가능성,사이버 나이트,데이터 유출 중요 정보 탈취 사건,"['나이트', '사이버', '공략', '탈취', '가능성', '중요', '중동', '파수', '성장', '유출', '정보', '데이터', '시장', '사건', '부친상', '방화', '배병준', '배상', '배송', '배우', '배지', '배포', '백두산', '백현동', '백화점', '버거', '북중', '버스', '버스킹', '번의']","[""['나이트',"", ""'번의']"", ""'사건',"", ""'시장',"", ""'성장',"", ""'배우',"", ""'사이버',"", ""'파수',"", ""'배송',"", ""'중동',""]"
우즈 합류 투어 앞날,사우디아라비아 국부펀드,내환,"['내환', '우즈', '앞날', '국부펀드', '사우디아라비아', '투어', '합류', '버스', '번의', '버스킹', '히알루론산', '벌금', '백화점', '백현동', '백두산', '배포', '버거', '법원', '법률', '법전', '베이트', '변경', '변신', '병동', '병원', '보강', '보건', '보건복지부', '배지', '배우']","[""['내환',"", ""'배우']"", ""'배포',"", ""'우즈',"", ""'국부펀드',"", ""'사우디아라비아',"", ""'합류',"", ""'번의',"", ""'버스킹',"", ""'히알루론산',""]"
차지연 단독콘서트 절친 김호 정선 출격,씨엘 컴퍼니 노트,익스 비션 준비 가운데 절친 배우 연예인 출연 예고,"['절친', '노트', '컴퍼니', '김호', '익스', '가운데', '정선', '차지연', '비션', '단독콘서트', '씨엘', '출격', '예고', '출연', '연예인', '배우', '준비', '배포', '백두산', '배지', '히알루론산', '백현동', '버거', '버스', '버스킹', '번의', '벌금', '법률', '법원', '법전']","[""['절친',"", ""'법전']"", ""'배우',"", ""'김호',"", ""'익스',"", ""'정선',"", ""'차지연',"", ""'비션',"", ""'단독콘서트',"", ""'씨엘',""]"
세리머니 한번 방출 친정 재기 노리,웨스트,노팅엄 포레스트 세리머니 한번,"['한번', '세리머니', '친정', '웨스트', '방출', '노리', '포레스트', '노팅엄', '재기', '배우', '배지', '배포', '백두산', '백현동', '백화점', '버거', '버스킹', '버스', '번의', '벌금', '법률', '법원', '법전', '베이트', '변경', '변신', '병동', '병원', '보강', '배송']","[""['한번',"", ""'배송']"", ""'배우',"", ""'병동',"", ""'백현동',"", ""'세리머니',"", ""'친정',"", ""'웨스트',"", ""'노리',"", ""'포레스트',""]"
민원 대응 신설 정서 행동 위기 학생 지원 방안 마련,교직원,정서 행동 위기 학생,"['정서', '행동', '학생', '위기', '민원', '방안', '신설', '대응', '교직원', '마련', '지원', '버스킹', '백현동', '백두산', '배포', '배지', '백화점', '배우', '버거', '버스', '히알루론산', '번의', '벌금', '법률', '배송', '법전', '베이트', '변경', '변신', '병동']","[""['정서',"", ""'병동']"", ""'방안',"", ""'지원',"", ""'위기',"", ""'배우',"", ""'배송',"", ""'마련',"", ""'버스킹',"", ""'백현동',""]"
출근길 인터뷰 여름 감기 기승 독감 코로나,,독감,"['독감', '출근길', '감기', '기승', '인터뷰', '여름', '코로나', '히알루론산', '버거', '백화점', '배포', '백현동', '백두산', '버스킹', '배지', '배우', '버스', '벌금', '번의', '배상', '법률', '법원', '법전', '베이트', '변경', '변신', '병동', '병원', '보강', '보건']","[""['독감',"", ""'보건']"", ""'배지',"", ""'출근길',"", ""'감기',"", ""'기승',"", ""'인터뷰',"", ""'코로나',"", ""'히알루론산',"", ""'버거',""]"
정숙 영철 상철 영숙,,모발 이식 수술,"['영숙', '정숙', '모발', '상철', '영철', '이식', '수술', '발목', '법원', '발각', '백두산', '백현동', '백화점', '버거', '버스', '버스킹', '번의', '벌금', '법률', '법전', '배지', '베이트', '변경', '반영', '변신', '반복', '병동', '병원', '보강', '보건']","[""['영숙',"", ""'수술',"", ""'보건']"", ""'버스킹',"", ""'정숙',"", ""'모발',"", ""'상철',"", ""'영철',"", ""'이식',"", ""'발목',""]"
리그 외국인 득점 데얀 프로 생활 마무리 한국 감사,프로축구 연맹,프로축구 연맹 제공,"['프로축구', '연맹', '득점', '데얀', '감사', '마무리', '외국인', '생활', '리그', '프로', '제공', '한국', '백현동', '버스', '백두산', '배포', '백화점', '배지', '배우', '버거', '번의', '버스킹', '배상', '벌금', '법률', '법원', '법전', '베이트', '변경', '변신']","[""['프로축구',"", ""'변신']"", ""'배우',"", ""'외국인',"", ""'한국',"", ""'배지',"", ""'데얀',"", ""'마무리',"", ""'변경',"", ""'제공',""]"
임도 헌호 아시아 선수권 출전 위해 이란 출국 방글라데시 파키스탄 대결,배구 협회,아시아 남자배구 선수권대회,"['아시아', '선수권', '이란', '선수권대회', '임도', '방글라데시', '출전', '남자배구', '헌호', '출국', '협회', '파키스탄', '위해', '배구', '대결', '부정', '백현동', '방통위', '방화', '배병준', '배상', '배송', '배우', '배지', '배포', '백두산', '백화점', '방위사업청', '버거', '북미']","[""'북미']"", ""['아시아',"", ""'이란',"", ""'배우',"", ""'방위사업청',"", ""'백두산',"", ""'파키스탄',"", ""'버거',"", ""'방글라데시',"", ""'대결',""]"
추석 선물 가액 상향 김영란 시행 개정 논의,국민 정부,김영란,"['김영란', '추석', '논의', '가액', '선물', '개정', '상향', '시행', '국민', '정부', '배지', '배포', '번의', '백두산', '백현동', '백화점', '버거', '버스', '버스킹', '법률', '벌금', '배송', '법원', '법전', '베이트', '변경', '변신', '병동', '병원', '보강']","[""['김영란',"", ""'보강']"", ""'국민',"", ""'베이트',"", ""'법률',"", ""'백현동',"", ""'개정',"", ""'상향',"", ""'시행',"", ""'추석',""]"
국고 보조금 부정 업주 유령 근로자,현직 세무사,사기 보조금 관리 위반,"['보조금', '부정', '세무사', '근로자', '현직', '업주', '국고', '유령', '위반', '사기', '관리', '백화점', '백현동', '버거', '버스', '백두산', '버스킹', '배포', '번의', '법원', '벌금', '법률', '배우', '법전', '베이트', '변경', '변신', '병동', '병원', '보강']","[""['보조금',"", ""'보강']"", ""'배우',"", ""'백두산',"", ""'부정',"", ""'세무사',"", ""'근로자',"", ""'현직',"", ""'업주',"", ""'국고',""]"
올해 마약 중독 치료 예산 상반기 동났다 소진,보건복지부,마약 투약 사범,"['마약', '보건복지부', '예산', '소진', '투약', '동났다', '중독', '치료', '상반기', '사범', '올해', '벌금', '버스', '백화점', '버스킹', '백현동', '번의', '백두산', '버거', '법률', '배지', '법원', '법전', '베이트', '변경', '변신', '병동', '병원', '보강', '보건']","[""['마약',"", ""'치료',"", ""'보건']"", ""'백현동',"", ""'보건복지부',"", ""'소진',"", ""'투약',"", ""'동났다',"", ""'중독',"", ""'보강',""]"
하정우 백두산 촬영 무릎 연골,한강 고수부지,무릎 수술,"['무릎', '고수부지', '하정우', '연골', '한강', '백두산', '촬영', '수술', '북미', '방위사업청', '방통위', '방화', '배구', '배병준', '배상', '배송', '배우', '배지', '배포', '북한', '백현동', '백화점', '버거', '버스', '버스킹', '번의', '벌금', '법률', '법원', '법전']","[""['무릎',"", ""'법전']"", ""'수술',"", ""'배우',"", ""'촬영',"", ""'배병준',"", ""'고수부지',"", ""'하정우',"", ""'연골',"", ""'한강',""]"
인테리어 공사 보상 판매 프로그램 도입,,주로 가구 적용 보상 판매 부엌 욕실 수납 창호 도어 중문 인테리어 공사 전반 적용 프로그램,"['인테리어', '보상', '프로그램', '판매', '적용', '공사', '수납', '전반', '중문', '주로', '욕실', '부엌', '도어', '창호', '도입', '가구', '변경', '배지', '병동', '배포', '백두산', '백현동', '백화점', '변신', '버거', '법률', '버스', '버스킹', '번의', '베이트']","[""['인테리어',"", ""'베이트']"", ""'프로그램',"", ""'가구',"", ""'번의',"", ""'변신',"", ""'적용',"", ""'배지',"", ""'변경',"", ""'욕실',""]"
평면 도시 서쪽,공화국,톨로 축일 학살 사건,"['공화국', '학살', '평면', '서쪽', '톨로', '축일', '도시', '사건', '배지', '배우', '버스', '배송', '배상', '배포', '백두산', '백현동', '백화점', '버거', '히알루론산', '버스킹', '번의', '배병준', '법률', '법원', '법전', '베이트', '변경', '변신', '병동', '병원']","[""['공화국',"", ""'병원']"", ""'사건',"", ""'백현동',"", ""'학살',"", ""'평면',"", ""'서쪽',"", ""'톨로',"", ""'축일',"", ""'배지',""]"
외교부 성장 둔화 우려 중국 경제 강인 서방 위기 과장,중국 외교부,전염병,"['외교부', '중국', '서방', '과장', '강인', '우려', '둔화', '전염병', '성장', '경제', '위기', '베이트', '버거', '배지', '보건', '보강', '배포', '백두산', '백현동', '병원', '백화점', '병동', '버스', '변경', '버스킹', '번의', '벌금', '배우', '법률', '변신']","[""['외교부',"", ""'변신']"", ""'성장',"", ""'위기',"", ""'배우',"", ""'벌금',"", ""'배지',"", ""'서방',"", ""'우려',"", ""'번의',""]"
서울시 개포 택지 개발 지구 특화 신속 통합 기획 추진,서울시,통합 재건축,"['통합', '서울시', '개포', '신속', '지구', '재건축', '특화', '택지', '기획', '추진', '개발', '배포', '백두산', '백현동', '번의', '백화점', '버거', '배지', '버스', '버스킹', '히알루론산', '벌금', '법률', '배송', '법원', '법전', '베이트', '변경', '변신', '병동']","[""'병동']"", ""['통합',"", ""'기획',"", ""'버스킹',"", ""'번의',"", ""'베이트',"", ""'백두산',"", ""'변경',"", ""'서울시',"", ""'개포',""]"
연세대 우관 윤기 명예 교수 차량,연세대학교 우관,윤석열 대통령 부친 윤기 연세대 명예 교수 차량 고인 재직 서울 서대문구 연세대학교 우관 뉴스,"['우관', '교수', '명예', '윤기', '연세대학교', '연세대', '차량', '재직', '서대문구', '고인', '부친', '윤석열', '서울', '뉴스', '대통령', '백현동', '백두산', '배포', '버거', '버스', '백화점', '번의', '버스킹', '배우', '벌금', '법률', '법원', '법전', '베이트', '변경']","[""['우관',"", ""'변경']"", ""'뉴스',"", ""'대통령',"", ""'배우',"", ""'법원',"", ""'서울',"", ""'차량',"", '대통령', ""'백현동',""]"
뇌파 판결 의계 국민 건강 위험 의계 규제 철폐 종합,의협,한의사 뇌파 사용 소송,"['뇌파', '의계', '건강', '한의사', '규제', '의협', '위험', '철폐', '판결', '국민', '종합', '소송', '사용', '보건', '배지', '배포', '백두산', '백현동', '백화점', '보강', '버거', '병원', '병동', '버스', '배우', '번의', '벌금', '법률', '법원', '법전']","[""['뇌파',"", ""'법전']"", ""'백현동',"", ""'의계',"", ""'한의사',"", ""'의협',"", ""'판결',"", ""'사용',"", ""'배지',"", ""'배포',""]"
상장 레터 일반 투자자 대상 청약 경쟁률,레터,악성 행위,"['레터', '행위', '악성', '투자자', '경쟁률', '상장', '일반', '대상', '청약', '백두산', '버스킹', '백현동', '백화점', '버거', '배포', '배지', '배우', '버스', '히알루론산', '벌금', '번의', '배상', '법률', '법원', '법전', '베이트', '변경', '변신', '병동', '병원']","[""['레터',"", ""'행위',"", ""'병원']"", ""'배우',"", ""'배포',"", ""'악성',"", ""'투자자',"", ""'경쟁률',"", ""'상장',"", ""'청약',""]"
달러 위안 달러 환율 연고 터치,비구 위안,중국 대형 부동산 개발 업체 비구 위안 채무불이행 디폴트 위기,"['위안', '달러', '비구', '터치', '업체', '환율', '연고', '디폴트', '채무불이행', '대형', '부동산', '개발', '중국', '위기', '법원', '배포', '배상', '병동', '변신', '배송', '배우', '변경', '배지', '백현동', '백두산', '법전', '베이트', '백화점', '버거', '버스']","[""['위안',"", ""'배우',"", ""'배송',"", ""'채무불이행',"", ""'디폴트',"", ""'연고',"", ""'터치',"", ""'비구',"", ""'배포',"", ""'변신',""]"
잉글랜드 여자 월드컵 결승 개최 호주 우승 스페인 대결,호주,심판 판정,"['호주', '여자', '판정', '우승', '스페인', '월드컵', '심판', '잉글랜드', '결승', '개최', '대결', '병원', '버스', '배지', '배포', '백두산', '보건복지부', '백현동', '백화점', '보건', '버거', '버스킹', '병동', '번의', '보강', '벌금', '배우', '법원', '법전', '베이트']","[""['호주',"", ""'베이트']"", ""'배우',"", '여자', ""'배포',"", ""'판정',"", ""'우승',"", ""'스페인',"", ""'심판',"", ""'잉글랜드',""]"
보이지 위협,대통령 직속 국방 혁신 위원회,사건,"['국방', '직속', '보이지', '위협', '혁신', '위원회', '사건', '대통령', '버스', '버거', '백화점', '백두산', '백현동', '번의', '배포', '배지', '버스킹', '법원', '벌금', '법률', '배송', '법전', '베이트', '변경', '변신', '병동', '병원', '보강', '보건', '보건복지부']","[""['국방',"", ""'보건복지부']"", ""'대통령',"", ""'사건',"", ""'버스킹',"", ""'직속',"", ""'보이지',"", ""'위협',"", ""'버거',"", ""'백두산',""]"
배지 재활 기간 복귀 재활,피츠버그 파이 리츠,왼쪽 발목 통증,"['재활', '통증', '파이', '왼쪽', '리츠', '배지', '피츠버그', '발목', '기간', '복귀', '병원', '보강', '백두산', '백현동', '보고서', '백화점', '버거', '버스', '버스킹', '번의', '벌금', '법률', '보고', '법원', '법전', '베이트', '보건복지부', '변경', '변신', '병동']","[""['재활',"", ""'병동']"", ""'왼쪽',"", ""'보고',"", ""'백현동',"", ""'통증',"", ""'파이',"", ""'리츠',"", ""'배지',"", ""'피츠버그',""]"
꼴찌 승차 위로 수직 상승 마법,위즈,부상 제대로 전력 과감 승부 부분 제대로 보강 윌리엄 바스 오른쪽 뉴스 김민지 기자 윌리엄 바스 이호연 트레이드,"['윌리엄', '바스', '제대로', '승차', '마법', '꼴찌', '오른쪽', '트레이드', '김민지', '이호연', '보강', '위즈', '과감', '전력', '수직', '승부', '위로', '부상', '부분', '상승', '뉴스', '기자', '벌금', '번의', '병원', '병동', '변신', '변경', '백두산', '베이트']","[""['윌리엄',"", ""'베이트']"", ""'뉴스',"", ""'기자',"", ""'오른쪽',"", ""'바스',"", ""'백두산',"", ""'벌금',"", ""'트레이드',"", ""'김민지',""]"
동료 교직원 가로 호화 생활 부부 징역 구형,대구 법원,특정 경제범죄 가중 처벌 법률 위반 사기 혐의,"['가로', '법률', '호화', '구형', '특정', '가중', '징역', '경제범죄', '교직원', '위반', '처벌', '부부', '동료', '사기', '법원', '생활', '혐의', '대구', '부정', '백화점', '배구', '배병준', '배상', '북한', '배송', '배우', '배지', '배포', '백두산', '백현동']","[""['가로',"", ""'백현동']"", ""'배우',"", '법원', ""'대구',"", ""'특정',"", ""'백두산',"", ""'처벌',"", ""'부부',"", ""'혐의',""]"
기자 수첩 당국 은행 가계 대출 지적,금융위,대출 장려 정책,"['대출', '지적', '가계', '금융위', '정책', '장려', '수첩', '당국', '은행', '기자', '버스', '버거', '백화점', '배포', '백현동', '백두산', '배지', '배우', '버스킹', '법률', '번의', '벌금', '배상', '법원', '법전', '베이트', '변경', '변신', '병동', '병원']","[""['대출',"", ""'정책',"", ""'병원']"", ""'배우',"", ""'가계',"", ""'장려',"", ""'수첩',"", ""'지적',"", ""'병동',"", ""'버거',""]"
부활 성공 류현진 신시내티 상대로 연승 도전,신시내티,팔꿈치 인대 접합 수술,"['신시내티', '상대로', '류현진', '접합', '인대', '팔꿈치', '부활', '성공', '도전', '연승', '수술', '버거', '백화점', '백두산', '백현동', '버스킹', '배포', '배지', '배우', '버스', '히알루론산', '번의', '벌금', '배상', '법률', '법원', '법전', '베이트', '변경', '변신']","[""['신시내티',"", ""'변신']"", ""'수술',"", ""'버스킹',"", ""'상대로',"", ""'류현진',"", ""'접합',"", ""'팔꿈치',"", ""'부활',"", ""'성공',""]"
김희선 머리 남편 불쌍 방귀 시댁 사랑 자랑 퀴즈 어제,김희선,스킨십 적극 오빠,"['김희선', '남편', '방귀', '오빠', '자랑', '불쌍', '시댁', '어제', '스킨십', '머리', '퀴즈', '사랑', '적극', '백두산', '백현동', '번의', '백화점', '버거', '버스', '버스킹', '법원', '벌금', '법률', '배지', '법전', '베이트', '변경', '변신', '병동', '병원']","[""['김희선',"", ""'병원']"", ""'사랑',"", ""'번의',"", ""'남편',"", ""'자랑',"", ""'불쌍',"", ""'시댁',"", ""'병동',"", ""'퀴즈',""]"
말레이시아 헬프 대학교 주최 한류 페스티벌 성황리,한국 농수산 식품 유통 공사 외국인 인기 떡볶이 김치볶음밥 치킨 무료 시식 부스 운영 한국 관광 공사,코로나 팬데믹,"['공사', '한국', '한류', '유통', '성황리', '농수산', '김치볶음밥', '떡볶이', '인기', '주최', '대학교', '헬프', '페스티벌', '시식', '관광', '운영', '무료', '치킨', '부스', '팬데믹', '말레이시아', '외국인', '코로나', '식품', '방심위', '법률', '백두산', '백현동', '백화점', '버거']","[""'버거']"", ""['공사',"", ""'외국인',"", ""'치킨',"", ""'주최',"", ""'헬프',"", ""'농수산',"", ""'성황리',"", ""'한류',"", ""'무료',""]"
이강인 시즌 잔류 내년 무조건 레알 마드리드,레알 마드리드,음바페 여름 이적 선언 관계 상황,"['레알', '마드리드', '무조건', '내년', '관계', '잔류', '음바페', '이적', '이강인', '상황', '여름', '시즌', '선언', '발전', '법률', '배포', '백두산', '백현동', '백화점', '버거', '버스', '버스킹', '번의', '벌금', '법원', '발탁', '법전', '베이트', '변경', '변신']","[""['레알',"", ""'변신']"", ""'상황',"", ""'배포',"", ""'마드리드',"", ""'무조건',"", ""'내년',"", ""'잔류',"", ""'음바페',"", ""'변경',""]"
황준호 투자 증권 대표 시트 마약 근절 캠페인 참여,경찰청 마약 퇴치 운동 본부,마약,"['마약', '시트', '근절', '본부', '참여', '경찰청', '황준호', '퇴치', '증권', '운동', '캠페인', '투자', '대표', '백화점', '배송', '배우', '배지', '배포', '백두산', '백현동', '보강', '병원', '법원', '법률', '버스', '병동', '변신', '배상', '변경', '버스킹']","[""['마약',"", ""'버스킹']"", ""'참여',"", ""'투자',"", ""'배우',"", ""'대표',"", ""'백두산',"", ""'황준호',"", ""'배지',"", ""'배포',""]"
슈터 유망 고찬혁 맹활약 존스 경기 일본 대학 선발 제압,제공,제공,"['제공', '유망', '제압', '맹활약', '슈터', '고찬혁', '선발', '존스', '대학', '일본', '경기', '베이트', '백화점', '병원', '배송', '배우', '배지', '배포', '백두산', '병동', '백현동', '버거', '변경', '버스', '버스킹', '번의', '벌금', '배병준', '법률', '변신']","[""'변신']"", ""['제공',"", ""'대학',"", ""'배우',"", ""'경기',"", ""'벌금',"", ""'베이트',"", ""'배병준',"", ""'유망',"", ""'제압',""]"
