title,who,what,keywords_bert
'돼지 신장' 이식 받은 50대 뇌사자…32일 넘게 정상기능 [헬스케어 인사이드],미국 바이오기업인 리비비코어(Revivicor)에서 공급했습니다. 이 회사는 2020년 12월 미국 식품의약국,뇌사로 장기기증,"['뇌사자…32일', ""신장'"", '리비비코어(Revivicor)에서', '[헬스케어', ""'돼지"", '인사이드]', '뇌사로', '장기기증', '바이오기업인', '회사는']"
광주에서 부전까지 두 시간이면 간다,국가철도공단,경전선의 유일한 비전철구간인 광주역과 순천역 사이를 전철화로 개량,"['간다', '두', '개량', '전철화로', '사이를', '순천역', '광주역과', '비전철구간인', '유일한', '경전선의']"
"트럼프 기소 권고한 美 조지아주 대배심들 ""신변 위협 느껴""",조지아주 풀턴카운티 검찰,도널드 트럼프 미국 전 대통령의 2020년 조지아주 대선 개입 혐의,"['검찰', '""신변', '전', '느껴""', '미국', '혐의', '조지아주', '기소', '권고한', '조지아주']"
"농심, 전남 완도군과 42년째 인연…햇다시마 355t 구매",농심농심,전남 완도군 다시마 경매 현장,"['인연…햇다시마', '현장', '경매', '다시마', '완도군', '전남', '농심농심', '구매', '355t', '42년째']"
"""교육 방법을 혁신하자""…교수설계 경연 진행한 북한",북한 노동당 ,"교육부문에서 우수한 교육 방법을 창조 도입하기 위한 사업이 힘있게 벌어지고 있다""며 ""얼마 전에도 교육위원회에서는 교원양성부문 대학들의 교수설계 경연을 조직했다""라고 보도했다. 사진은 김형직사범대학. [국내에서만 사용가능. 재배포 금지. DB 금지. For Use Only in the Republic of Korea","['보도했다.', '김형직사범대학.', '사용가능.', '금지.', '금지.', '교육', '혁신하자""…교수설계', '[국내에서만', '조직했다""라고', '""얼마']"
"'6관왕→발롱도르→월드컵' 모든 걸 가진 메시, ""발롱도르 욕심 없다…PSG 이적은 불행""",MLS 사무국,신종 코로나 바이러스 팬데믹,"['없다…PSG', ""'6관왕→발롱도르→월드컵'"", '""발롱도르', '팬데믹', '바이러스', '코로나', '신종', '사무국', 'MLS', '이적은']"
"에픽게임즈, 에픽 온라인 서비스 ‘콘솔 크로스 플레이’ 무료 지원",언리얼엔진을 쓰는 게임 개발자,"에픽 온라인 서비스는 현재 수백 개의 게임에서 대규모로 사용되고 있다. 사용 중인 게임엔진에 상관없이 게임 개발을 지원하고, 모든 스토어와 플랫폼에 배포할 수 있다.","['서비스', '현재', '개의', '플레이’', '‘콘솔', '게임', '게임', '에픽게임즈,', '지원하고,', '온라인']"
"이상민 행안부 장관, 제2회 지방세발전위 회의",행정안전부 ,뉴시스가 독자 여러분의 소중한 제보를 기다립니다. 뉴스 가치나 화제성이 있다고 판단되는 사진 또는 영상을 뉴시스 사진영상부(n-photo@newsis.com)로 보내주시면 적극 반영하겠습니다.,"['기다립니다.', '반영하겠습니다.', '사진영상부(n-photo@newsis.com)로', '장관,', '사진', '적극', '보내주시면', '여러분의', '행안부', '제2회']"
"신진서 9단, 셰커와 응씨배 결승 3국…21일부터 격돌",중국,신종 코로나바이러스 감염증,"['3국…21일부터', '중국', '감염증', '코로나바이러스', '신종', '격돌', '결승', '응씨배', '셰커와', '신진서']"
"신한은행-아동권리보장원-굿네이버스, 청소년 자립 지원 금융교육 '맞손'","아동권리보장원, 굿네이버스",아동양육시설 청소년들의 안전한 자립,"['신한은행-아동권리보장원-굿네이버스,', ""'맞손'"", '청소년', '자립', '안전한', '청소년들의', '아동양육시설', '굿네이버스', '금융교육', '자립']"
"[김문환의 세계사] 함무라비 법전, 판결 오류 판사 12배 배상에 영구 추방",귀족이나 부유층,국내 대기업과 미국 기업의 특허 분쟁,"['[김문환의', '국내', '특허', '함무라비', '판결', '오류', '판사', '12배', '배상에', '분쟁']"
말레이 여객기 도로에 수직 추락…엄청난 화염 치솟았다,말레이시아 ,말레이시아 소형여객기 추락 사고 ,"['추락…엄청난', '추락', '소형여객기', '말레이시아', '말레이시아', '치솟았다', '화염', '수직', '도로에', '여객기']"
"마이크로닉스, PNY 지포스 RTX 40 구매 대상 ‘오버워치 2 인베이전 얼티밋 번들’ 증정",한미마이크로닉스,오버워치 2 인베이전 ,"['번들’', '‘오버워치', '40', '대상', '인베이전', '지포스', '오버워치', '한미마이크로닉스', '증정', '얼티밋']"
서울 오후 2시 서북권·서남권 오존주의보 발령,서울보건환경연구원,오존 주의보,"['주의보', '서울', '서북권·서남권', '오존', '서울보건환경연구원', '발령', '오존주의보', '2시', '오후']"
"칭따오, 프로 스포츠부터 생활 스포츠까지...스포츠 마케팅 강화",칭따오,엔데믹,"['스포츠까지...스포츠', '마케팅', '생활', '프로', '칭따오', '강화', '스포츠부터', '엔데믹', '칭따오,']"
"윤진호 교촌에프앤비 대표, 쿨코리아 챌린지 동참",한국에너지관리공단,"폭염, 폭우 등 기후 위기 ","['위기', '등', '기후', '폭우', '한국에너지관리공단', '동참', '챌린지', '쿨코리아', '교촌에프앤비', '윤진호']"
"[뉴스현장] 계속 드러나는 LH 부실 원인들…경찰, 본사 압수수색",LH ,철근누락 사태 ,"['원인들…경찰,', '[뉴스현장]', '철근누락', 'LH', '사태', '압수수색', '본사', '부실', 'LH', '드러나는']"
'청계 SK뷰' 108가구 분양…22일 1순위 청약 접수,SK에코플랜트,청계 SK뷰 ,"[""SK뷰'"", '분양…22일', ""'청계"", 'SK뷰', '청계', 'SK에코플랜트', '접수', '청약', '1순위', '108가구']"
"'김포전 상대 전적 우위' 충북청주, 안방에서 10G 연속 무패행진 도전",한국프로축구연맹 ,김포의 맞대결은 많은 팬들의 이목을 집중시킬 전망이다. 한편 충북청주는 8월 첫 홈경기를 맞아 다채로운 이벤트를 준비했다. 경기 당일 오후 6시 30분부터 서문 블루스토어 부스에서 팬 사인회가 진행된다. 2023 청원생명축제 ,"[""우위'"", '진행된다.', '전망이다.', '준비했다.', '팬', '첫', '경기', ""'김포전"", '한국프로축구연맹', '이목을']"
소나기에도 체감 33도 무더위 계속…서울 30㎜·대구 60㎜ [내일날씨],황덕현 ,폭염,"['계속…서울', '30㎜·대구', '[내일날씨]', '60㎜', '무더위', '33도', '체감', '소나기에도', '폭염', '황덕현']"
"""의약품 부작용 피해구제 신청방법, 약 봉투로 확인 가능""",대한약사회 ,"정상적인 의약품 사용에도 불구하고 사망, 장애, 질병 ","['""의약품', '약', '장애,', '가능""', '확인', '질병', '불구하고', '사용에도', '의약품', '정상적인']"
"김희선 '6년 경력 단절' 심경 ""애 젖병 물리면서..나이 먹고 늙어 위축됐다""(유퀴즈)[종합]",품위 있는 그녀,경력 단절 공포,"[""단절'"", '물리면서..나이', '위축됐다""(유퀴즈)[종합]', ""'6년"", '공포', '경력', '심경', '젖병', '먹고', '단절']"
"[스브스픽] ""빨리 내려!"" 순식간에 버스 집어삼킨 거대한 불길",부아노스아이레스 경찰,고속도로에 멈춘 버스에서 불이 나기 시작하더니 연료까지 새어 나와 거대한 불길이 도로 전체를 집어삼킵니다.현지시간 16일 아르헨티나 부에노스아이레스의 한 고속도로 CCTV 화면입니다.도로를 달리던 버스에서 갑자기 불이 나기 시작하면서 타고 있던 수십 명의 승객들이 긴급 대피,"['화면입니다.도로를', '경찰', '고속도로', '""빨리', '한', '버스', '[스브스픽]', '집어삼킵니다.현지시간', '새어', '연료까지']"
"박세리 인비테이셔널 12년 역사 '굿바이', OK금융그룹 읏맨오픈으로 새출발한다",OK금융그룹,읏뜸그라운드,"['새출발한다', '읏맨오픈으로', 'OK금융그룹', '역사', '12년', '인비테이셔널', '박세리', '읏뜸그라운드', 'OK금융그룹', ""'굿바이',""]"
"밀리의 서재, 김대호 아나운서 포토 에세이 ‘김대호의 사진 일기’ 연재",서영택,"평일에는 MBC 아나운서, 주말에는 인왕산 자연인으로 살아가는 이야기를 생생하게 담아낼 예정이다. 김대호가 직접 촬영한 사진과 위트 넘치는 글이 더해져 보고 읽는 재미를 전해준다.최근 공개된 1화에서는 ‘나 혼자 산다’에서 소개했던 사적 모임 ‘동대문 사단’과 펜션에서 보낸 2박의 이야기","['일기’', '산다’에서', '사단’과', '예정이다.', '전해준다.최근', '‘동대문', '‘김대호의', 'MBC', '사진', '이야기를']"
이동관 방통위원장 후보자 청문회…'아들 학폭' 공방,강변 아닌가 싶다”고 덧붙였다.앞서 이 후보자는 입장문을 내고 아들의 학폭 의혹을 반박했다. 이 후보자는 “물리다툼은 있었으나 일방가해는 아니며 이후 사과와 화해가 이뤄졌다”고 밝힌바 있다. 강득구 민주당 ,학폭 ,"['덧붙였다.앞서', ""청문회…'아들"", ""학폭'"", '반박했다.', '“물리다툼은', '싶다”고', '이뤄졌다”고', '있다.', '학폭', '입장문을']"
"모모랜드 나윤, 명지대 예술학부 졸업",명지대학교명지대학교,서울공연예술고등학교 방송연예과,"['방송연예과', '서울공연예술고등학교', '명지대학교명지대학교', '졸업', '예술학부', '명지대', '모모랜드', '나윤,']"
"[사설]부동산발 위기경보 울리는 중국경제, 남의 일 아니다",중국,리먼 브라더스 사태,"['[사설]부동산발', '사태', '아니다', '남의', '울리는', '위기경보', '브라더스', '리먼', '중국', '일']"
여자배구 대표팀 반등의 핵심 과제…김연경 없이도 '자신감' 올려라,김연경 ,"배구 여제 김연경이 국가대표팀을 은퇴하면서 전력 공백이 생겼고, 그러면서 자신감을 잃은 게 약점으로 지목됐다. 한 번 자신감을 잃은 뒤엔 코트 안 리더가 부족해 자신감을 되찾지 못하고 무너지는 악순환이 반복","['과제…김연경', '지목됐다.', ""'자신감'"", '한', '안', '대표팀', '반복', '여제', '전력', '은퇴하면서']"
"미국, ‘북한-러시아 무기 거래’ 관련 3개 기관에 제재…“우크라전쟁 지원 색출”",러시아 ,우크라이나 전쟁 ,"['제재…“우크라전쟁', '‘북한-러시아', '색출”', '전쟁', '미국,', '거래’', '관련', '우크라이나', '러시아', '기관에']"
"탁구 조승민, 생애 첫 남자단식 세계 30위 진입",중국,월드테이블테니스(WTT) 컨텐더 리우데자네이루 2023 대회 결과에 따른 것이다. 조승민은 이 대회 4강에 진출했다. 조승민은 4강에서 마츠시마 소라(일본)에게 져 결승 진출에는 실패,"['월드테이블테니스(WTT)', '소라(일본)에게', '세계', '중국', '진출했다.', '것이다.', '첫', '대회', '대회', '진출에는']"
"KOVO 컵대회, 지난해보다 시청률‧관중 소폭 감소",한국배구연맹 ,남녀 대표팀의 국제대회 실패,"['시청률‧관중', '국제대회', '대표팀의', '남녀', '한국배구연맹', '감소', '소폭', '지난해보다', 'KOVO', '실패']"
"대구 찾은 김오진 국토부 차관 ""노후 산업단지 재생사업 적극 추진""",국토교통부 ,산업단지 조성 후 오랜 시간이 경과함에 따라 기반시설의 노후화로 정주여건이 악화되고 생산성이 저하,"['""노후', '후', '산업단지', '산업단지', '생산성이', '찾은', '김오진', '국토부', '차관', '재생사업']"
"꼬모드빈티지, KM차트 협찬 기념 전 제품 최대 50% 할인 이벤트",꼬모드빈티지,KM차트 협찬,"['50%', '기념', '전', '제품', '협찬', 'KM차트', '꼬모드빈티지', '이벤트', '할인', '최대']"
"'반바지 전통의상+맥주? 난감하네' 뮌헨 입단 후 알게된 '연례행사 의무참석' 규칙, 케인은 그저 웃지요",바이에른 뮌헨,독일 전통의상인 반바지를 입고 커다란 맥주잔부터 들어 올려야 한다,"[""난감하네'"", ""의무참석'"", '전통의상+맥주?', '후', ""'반바지"", ""'연례행사"", '올려야', '뮌헨', '입단', '알게된']"
"“부킹전쟁 끝”, 지방 향하던 수도권 골퍼 복귀 중…전년대비 수도권 골프장 이용 7% 증가",엑스골프 회원,부킹전쟁,"['“부킹전쟁', '중…전년대비', '끝”,', '지방', '7%', '부킹전쟁', '회원', '엑스골프', '증가', '이용']"
"롯데리아, AI 기술 적용한 지올팍(Zior Park) 버거 뮤직(BGM) 음원 공개",롯데리아,AI 기술을 활용한 새로운 마케팅 캠페인,"['뮤직(BGM)', '마케팅', 'Park)', '지올팍(Zior', '공개', '캠페인', 'AI', '적용한', '버거', '음원']"
"‘RETECH 2023 제16회 폐기물, 자원순환산업전’ 킨텍스서 8월 30일 개막",한국폐기물협회와 수도권매립지관리공사,"폐기물, 자원순환산업전","['자원순환산업전’', '‘RETECH', '자원순환산업전', '수도권매립지관리공사', '한국폐기물협회와', '개막', '30일', '8월', '킨텍스서', '제16회']"
"[단독]송호준 에코프로 대표, 임원들에게 “자사주 매각자제·사전통보해달라” [투자360]",에코프로그룹 ,스톡옵션,"['[단독]송호준', '매각자제·사전통보해달라”', '“자사주', '[투자360]', '스톡옵션', '에코프로그룹', '임원들에게', '에코프로', '대표,']"
"지란지교데이터-하나시스, 정보보호 환경 구축 위해 맞손",하나시스,키오스크 정보유출과 해킹,"['지란지교데이터-하나시스,', '환경', '키오스크', '하나시스', '맞손', '위해', '구축', '정보보호', '해킹', '정보유출과']"
"휴젤, 히알루론산필러 ‘레볼렉스’ 태국 품목허가 획득",태국 식약처,태국 ,"['‘레볼렉스’', '태국', '식약처', '태국', '획득', '품목허가', '태국', '히알루론산필러', '휴젤,']"
"‘바렛 18점’ 캐나다, 디펜딩 챔피언 스페인 연장 접전 끝 격파[FIBA]",캐나다 농구 대표팀 공식 SNS 제공RJ 바렛(23·뉴욕 닉스)이 두 경기 연속 캐나다,김하영 기자 hayoung0719@kyunghyang.com,"['hayoung0719@kyunghyang.com', '18점’', '기자', '바렛(23·뉴욕', '닉스)이', '격파[FIBA]', '경기', '‘바렛', '챔피언', '대표팀']"
"윤 대통령, 미국 워싱턴 도착…바이든, 부친상 위로 전화",안보 동맹,하와이 마우이 산불,"['동맹', '도착…바이든,', '위로', '미국', '대통령,', '윤', '산불', '마우이', '하와이', '전화']"
"[경남소식] 부마민주항쟁기념재단, 학생 10명에 장학금 지원",부마민주항쟁기념재단,민주화운동 ,"['[경남소식]', '학생', '민주화운동', '부마민주항쟁기념재단', '장학금', '10명에', '부마민주항쟁기념재단,', '지원']"
"한국사이버안보학회, 제3차 국가전략포럼 개최",한국사이버안보학회(KACS) 국가전략위원회,파이브 아이즈 정보동맹,"['한국사이버안보학회(KACS)', '정보동맹', '아이즈', '파이브', '국가전략위원회', '개최', '국가전략포럼', '제3차', '한국사이버안보학회,']"
"'배 침몰' 발언 이철규 ""그럼 당 욕하는 걸 박수쳐야 하나""",같은 당의 구성원,배를 침몰,"['""그럼', ""'배"", ""침몰'"", '당', '발언', '침몰', '당의', '박수쳐야', '욕하는', '이철규']"
"中 부동산, 美 고금리…尹정부 인식도 대응도 안이하다[사설]",중국,차이나 리스크,"['고금리…尹정부', '안이하다[사설]', '부동산,', '중국', '리스크', '차이나', '대응도', '인식도', '中', '美']"
"""꽃 축제는 어디로?"" 네이버에서 지역뉴스 쉽게 본다",네이버,김혜진 네이버 뉴스 리더,"['어디로?""', '""꽃', '뉴스', '리더', '네이버', '김혜진', '네이버', '본다', '쉽게', '지역뉴스']"
"‘마스크걸’ 고현정 “3인 1역, 이렇게 파격적 작품은 처음”",마스크걸,살인혐의,"['“3인', '‘마스크걸’', '살인혐의', '마스크걸', '작품은', '파격적', '이렇게', '고현정', '처음”', '1역,']"
‘한국형 리퍼’ 대북 정찰 ‘중고도 무인기’ 2028년까지 양산…“9800억 원 투입”,방위사업청,대북 감시 ,"['무인기’', '리퍼’', '양산…“9800억', '‘중고도', '‘한국형', '투입”', '감시', '대북', '방위사업청', '2028년까지']"
"금융보안원, '코리아 핀테크 위크 2023' 참가",금융위원회와 한국핀테크지원센터,디지털 금융·사이버 보안 이슈 ,"[""2023'"", '디지털', '금융·사이버', ""'코리아"", '이슈', '보안', '한국핀테크지원센터', '금융위원회와', '참가', '위크']"
"스텔란티스코리아, 8월 ‘푸조 주요 차종 시승 이벤트’ 개최","스텔란티스코리아, 8월 ‘푸조 ",오는 19일 전국 푸조 전시장에서 주요 차종 시승 이벤트를 연다고 18일 밝혔다.이달 스텔란티스가 개최하는 ‘푸조 카페 데이,"['이벤트’', '밝혔다.이달', '‘푸조', '‘푸조', '‘푸조', '오는', '데이', '19일', '8월', '주요']"
[그래픽] 북한 주요 식품 가격 추이,국가정보원,"아사자는 지난 5년간 같은 기간의 2배에 이르는 것으로 국가정보원은 추정했다. 북한은 최근 5년간 1분기 기준 밀가루, 설탕 등 식품물가가 크게 치솟았다","['기준', '식품', '[그래픽]', '가격', '추정했다.', '지난', '크게', '주요', '추이', '국가정보원']"
"SKT, 블록체인 폴리콘랩스와 '맞손'…""웹3 생태계 조성""",폴리곤랩스,웹3,"['\'맞손\'…""웹3', '조성""', '웹3', '폴리곤랩스', '생태계', '폴리콘랩스와', '블록체인', 'SKT,']"
"CJ제일제당-카카오헬스케어, '당 관리' 식품 개발 협력",카카오헬스케어,kr,"['CJ제일제당-카카오헬스케어,', 'kr', '협력', '개발', ""관리'"", '식품', ""'당"", '카카오헬스케어']"
올림픽 유도金 하형주 체육공단 감사 단독 인터뷰 [이종세의 스포츠 코너],기획조정실,내부 직원들의 거액 횡령 등 불미스러운 사건,"['[이종세의', '스포츠', '유도金', '감사', '올림픽', '코너]', '사건', '등', '불미스러운', '직원들의']"
"김재중, 주량 공개 ""소주 97병에 복분자주, 위스키까지…기억도 다 나"" (재친구)",우하머그 ,부산국제영화제,"['위스키까지…기억도', '(재친구)', '""소주', '공개', '다', '부산국제영화제', '우하머그', '97병에', '주량', '복분자주,']"
"썬앳푸드, 아메리칸 패밀리 레스토랑 `캐롤스` 오픈…잠실 롯데월드몰 입점",㈜ 썬앳푸드,캐롤이라는 친구의 집,"['`캐롤스`', '오픈…잠실', '패밀리', '친구의', '캐롤이라는', '썬앳푸드', '㈜', '입점', '롯데월드몰', '레스토랑']"
"국정원 ""평양 인근 폭탄 테러 파악된 바 없어…관련 동향 추적""",국가정보원 ,폭발물 테러,"['없어…관련', '""평양', '국정원', '바', '추적""', '동향', '테러', '폭발물', '국가정보원', '파악된']"
중국 부동산 자산만 '1경 8000조 원'인데...세계 경제에 '빨간불' [Y녹취록],중국 정부,리먼브라더스 사태,"[""'빨간불'"", '부동산', '중국', '중국', ""원'인데...세계"", '[Y녹취록]', '사태', '리먼브라더스', '경제에', '8000조']"
"'스텔라라 시밀러' 특허갈등 소멸..셀트·동아ST ""이상無""",인타스),2건의 자사 특허를 침해,"[""시밀러'"", '인타스)', '소멸..셀트·동아ST', '""이상無""', ""'스텔라라"", '침해', '특허를', '자사', '2건의', '특허갈등']"
‘실축할 뻔했던 마지막 키커’ 카일 워커의 고백 “사실 승부차기 차기 싫었어”,맨시티,사적으로도 바람을 피운 사실이 아내에게 발각,"['키커’', '‘실축할', '싫었어”', '고백', '뻔했던', '마지막', '카일', '워커의', '승부차기', '차기']"
"[할리웃POP]브리트니, 불륜 적발..결혼 14개월만 이혼 당했다",불륜 ,브리트니의 불륜 ,"['[할리웃POP]브리트니,', '불륜', '브리트니의', '불륜', '당했다', '이혼', '14개월만', '불륜', '적발..결혼']"
"""마이데이터, 2025년부터 본격 시행""",마이데이터제도가 2025년 도입된다.정부,마이데이터제도,"['도입된다.정부', '시행""', '""마이데이터,', '마이데이터제도', '2025년', '마이데이터제도가', '본격', '2025년부터']"
"'MSCI 지수 편입' 한미반도체, 18% 급등…사상 최고가 경신[핫종목]",모건스탠리캐피털인터내셔널,회생,"['급등…사상', ""편입'"", '경신[핫종목]', '지수', '18%', ""'MSCI"", '회생', '모건스탠리캐피털인터내셔널', '최고가', '한미반도체,']"
"세일즈포스, 영업일 돕는 '슬랙 세일즈 엘리베이트' 출시",세일즈포스,일반적으로 영업부 직원은 실질적인 영업 활동을 제대로 하지 못한 것으로 나타났다,"[""엘리베이트'"", '활동을', ""'슬랙"", '하지', '영업', '나타났다', '세일즈포스', '영업일', '돕는', '세일즈']"
"브라질 해커 ""보우소나루 전 대통령, 투표기 해킹 의뢰""",브라질 연방경찰,의회 습격 사건,"['""보우소나루', '대통령,', '의뢰""', '전', '사건', '습격', '의회', '연방경찰', '브라질', '해킹']"
"고양시 “대한민국 독서대전, 콘텐츠 공유하면 치킨 증정” 이벤트",고양시,2023 대한민국 독서대전 고양,"['“대한민국', '증정”', '고양', '독서대전', '대한민국', '2023', '고양시', '이벤트', '치킨', '공유하면']"
"'백현동' 의혹 이재명 ""구속영장 청구하면 제 발로 법원 나가겠다""",더불어민주당 ,백현동 특혜 의혹 사건,"[""'백현동'"", '""구속영장', '법원', '제', '나가겠다""', '사건', '의혹', '특혜', '백현동', '더불어민주당']"
"HMM, 코로나 이후 첫 어린이 상선체험 재개",코로나19,코로나19,"['코로나19', '코로나19', '재개', '상선체험', '어린이', '이후', '코로나', '첫', 'HMM,']"
"현대그린푸드, 시니어 배송원 통해 간편식 배송 …""노인 일자리 창출""",현대백화점그룹 ,직장인 점심 식사 배송,"['…""노인', '배송', '식사', '점심', '직장인', '현대백화점그룹', '일자리', '배송', '간편식', '통해']"
"서울신라호텔, 세계 3대 아트페어와 아트캉스 공개",프리즈,2023 프리즈 서울,"['서울', '공개', '세계', '2023', '프리즈', '아트캉스', '아트페어와', '3대', '프리즈', '서울신라호텔,']"
"K리그 외국인 최다 득점자 데얀, 은퇴 선언…""25년 현역 생활 마무리""",한국 ,한국 ,"['한국', '한국', '선언…""25년', '생활', '마무리""', '현역', '은퇴', '득점자', '최다', 'K리그']"
"어차피 1R 지명권은 없다. 그렇다면 적토망아지? … LG, ‘외야 최대어’ 이승민 지명할까 [FN 아마야구]",LG,예기치 못하게 밀리는 사례,"['최대어’', '없다.', '[FN', '‘외야', '아마야구]', '적토망아지?', 'LG', '…', '1R', '지명권은']"
박병곤 판사님 이쯤 되면 입장이라도 밝히시지요! [기자수첩-사회],대법원,노무현 전 대통령 부부 명예훼손 혐의,"['[기자수첩-사회]', '대통령', '전', '밝히시지요!', '혐의', '명예훼손', '부부', '노무현', '대법원', '입장이라도']"
생성AI·X·LK99…유행 타는 '밈코인' 투자 유의,트위터,'페페(PEPE)' 등 비트코인 블록체인 표준인 BRC-20 기반 밈코인이 득세했기 때문이다. BRC-20을 토대로 만들어진 비트코인 NFT의 등장,"[""'페페(PEPE)'"", '생성AI·X·LK99…유행', '때문이다.', 'BRC-20을', ""'밈코인'"", 'BRC-20', '투자', '블록체인', '타는', '유의']"
"사우디 빈살만 왕세자, 수낵 총리 공식 초청에 영국 간다",영국과 사우디 ,카슈끄지 살해,"['총리', '간다', '살해', '카슈끄지', '사우디', '영국과', '영국', '초청에', '공식', '수낵']"
연세대 교정 도는 윤기중 명예교수 운구 차량,연세대학교 대우관,윤석열 대통령 부친 윤기중 연세대 명예교수 운구 차량이 17일 고인이 재직했던 서울 서대문구 연세대학교 대우관을 지나고 있다. 2023.8.17/뉴스1,"['2023.8.17/뉴스1', '대통령', '서울', '차량', '윤기중', '교정', '도는', '윤기중', '명예교수', '운구']"
해피바이러스! 현대캐피탈 홍동선의 라이프스타일,파일럿,배구,"['해피바이러스!', '라이프스타일', '홍동선의', '현대캐피탈', '배구', '파일럿']"
"유엔 안보리, 6년 만에 북한인권 공개회의 개최",유엔 안전보장이사회,북한 인권문제,"['인권문제', '유엔', '개최', '공개회의', '북한인권', '만에', '6년', '유엔', '안전보장이사회', '안보리,']"
"'6번째 3연투'와 맞바꾼 팀의 5연승…KT가 풀어야 할 과제, 더 뚜렷해졌다",KT 위즈,위기,"[""3연투'와"", '5연승…KT가', 'KT', '할', ""'6번째"", '더', '위기', '위즈', '뚜렷해졌다', '풀어야']"
"시큐레터, 말레이시아 사이버보안 행사 ‘사이버DSA 2023’ 참가","말레이시아 디지털통신부, 국방부, 사이버보안청 등 정부기관",문서 기반 해킹 공격,"['2023’', '‘사이버DSA', '등', '공격', '사이버보안', '기반', '문서', '정부기관', '사이버보안청', '말레이시아']"
"7만원 독일제에 뒤통수…""싼맛에 샀는데 냉기가 안 나와요""",한국소비자원,해외 쇼핑몰 등에서 판매된 에어컨의 냉방 기능이 작동하지 않는 피해 사례,"['뒤통수…""싼맛에', '안', '피해', '나와요""', '않는', '사례', '한국소비자원', '독일제에', '샀는데', '냉기가']"
"KCC건설, '스위첸 라이브러리'서 입주민 강연회 개최",교보문고,타이타닉호,"[""'스위첸"", '타이타닉호', '교보문고', '개최', '강연회', '입주민', 'KCC건설,', ""라이브러리'서""]"
"세라젬, KBS '동행' 프로그램 후원 협약",KBS·초록우산 어린이재단,루게릭병 ,"['KBS·초록우산', ""'동행'"", 'KBS', '프로그램', '루게릭병', '어린이재단', '협약', '후원', '세라젬,']"
[지방세제 개편]애 낳고 집 사면 취득세 500만원 한도 면제,1가구 1주택자,전세사기 ,"['개편]애', '[지방세제', '전세사기', '1주택자', '1가구', '면제', '한도', '500만원', '취득세', '사면']"
"삼양식품, 매운 국물라면 브랜드 '맵탱' 출시",삼양식품,"맵탱 제품에서 느낄 수 있는 매운맛 종류와 강도를 한눈에 보기 쉽게 그래프로 도식화한 것으로 맵탱 브랜드가 제공하는 다채로운 매운맛을 직관적으로 보여준다.신제품 ‘맵탱 흑후추소고기라면’은 화끈하고 칼칼한 매운맛을 느낄 수 있는 제품으로, 스트레스 해소","['보여준다.신제품', '흑후추소고기라면’은', ""'맵탱'"", '‘맵탱', '브랜드', '한눈에', '강도를', '종류와', '매운맛', '느낄']"
방심위원장 해촉된 정연주 후임에 류희림 미디어연대 공동대표,미디어연대 ,"방송통신심의위원회는 최근 해촉된 정연주 전 위원장 후임으로 류희림 미디어연대 공동대표가 위촉됐다고 18일 밝혔다. 대구 출신의 류 신임 방심위원은 KBS, YTN 기자를 거쳐 YTNDMB 이사, YTN 플러스 대표이사 사장, 미디어연대 공동대표 등을 지냈으며 윤석열 대통령이 위촉했다. lisa@yna.co.kr","['lisa@yna.co.kr', 'KBS,', '밝혔다.', '위촉했다.', '위원장', '플러스', '최근', '류', '전', '후임에']"
美 장기채 ETF 사들이는 서학개미…수익률 높이려면 주목할 ‘이것’,미국 ,재정 적자 문제 ,"['서학개미…수익률', '미국', '‘이것’', '재정', '적자', '주목할', '높이려면', '사들이는', 'ETF', '장기채']"
"""김광현-오승환 성공했으니 가능해"" STL, 일본 국가대표 에이스 영입할까",세인트루이스 ,애덤 웨인라이트가 올 시즌 종료 후 현역 은퇴를 선언,"['""김광현-오승환', '일본', '후', '올', '시즌', '가능해""', '영입할까', '성공했으니', '국가대표', '에이스']"
"코란 모독에 성난 파키스탄 무슬림, 교회 습격·방화",파키스탄 ,자란왈라의 기독교인이 코란을 모독했다는 이유로 성난 무슬림들이 기독교 구역을 습격해 교회를 불태우고 여러 채의 집을 파손,"['습격·방화', '파손', '이유로', '모독에', '성난', '파키스탄', '파키스탄', '자란왈라의', '기독교인이', '코란을']"
‘징비’ 못하는 나라엔 미래 없다[이현종의 시론],"정부와 조직위원회, 전북도","수해나 대형사고, 학교 폭력 ","['‘징비’', '없다[이현종의', '학교', '미래', '폭력', '수해나', '전북도', '정부와', '나라엔', '못하는']"
[송재우의 야구화(話)] 오심도 경기의 일부? 비디오판독 시대엔 헛소리,심판도 사람,스트라이크-볼 판정 문제,"['야구화(話)]', '[송재우의', '스트라이크-볼', '판정', '심판도', '헛소리', '시대엔', '비디오판독', '경기의', '오심도']"
‘로또 70억’ 당첨자의 K직장인 인증...“회사 계속 다닐래요”,직장인,동행복권,"['70억’', '다닐래요”', '‘로또', '인증...“회사', '동행복권', '직장인', '계속', 'K직장인', '당첨자의']"
"[연합시론] 전경련 복귀 수순 밟은 4대 그룹, 정경유착 고리 끊을 자신 있나",전경련,국정농단 사태 ,"['사태', '국정농단', '전경련', '있나', '자신', '끊을', '고리', '정경유착', '4대', '밟은']"
"'우주패권' 강화…머스크의 스페이스X, 2년만에 적자 탈출",일론 머스크,스페이스X가 사실상 우주 발사체 시장을 장악하고 있다고 보도하기도 했다. WSJ는 “스페이스X가 경쟁사들이 따라올 수 없는 속도로 저렴한 가격과 검증된 재사용 로켓을 내세워 발사체 시장의 상당 부분을 장악,"['강화…머스크의', '“스페이스X가', ""'우주패권'"", '2년만에', '적자', '탈출', '일론', '머스크', '부분을', '사실상']"
韓 “원전 포함 '무탄소전원' 확대 필요”…APEC 에너지장관회의서 강조,산업통상자원부 ,탈탄소화 ,"['필요”…APEC', '“원전', ""'무탄소전원'"", '韓', '탈탄소화', '산업통상자원부', '강조', '에너지장관회의서', '확대', '포함']"
"대전관광공사, 해군대학과 업무협약 체결",대전관광공사,꿀잼도시 대전,"['대전', '꿀잼도시', '대전관광공사', '체결', '업무협약', '해군대학과', '대전관광공사,']"
"롯데헬스케어-아이메디신 MOU 체결 ""AI 기반 맞춤형 멘탈케어 가이드 제공""",양 사 ,멘탈 헬스,"['롯데헬스케어-아이메디신', '""AI', '사', '제공""', 'MOU', '헬스', '멘탈', '가이드', '멘탈케어', '맞춤형']"
교권 회복 대책 한계와 더 근원적 문제[포럼],학부모,아동학대 처벌 ,"['대책', '더', '문제[포럼]', '처벌', '아동학대', '학부모', '근원적', '한계와', '회복', '교권']"
문체부 “‘검정고무신’ 저작자 이우영 작가만 인정에 환영”,한국저작권위원회,제2의 검정고무신 사태,"['“‘검정고무신’', '환영”', '검정고무신', '제2의', '사태', '한국저작권위원회', '인정에', '작가만', '이우영', '저작자']"
[이슈+] 하와이 산불 사망자 100명 넘어…대피로는 오직 하나,한국재난관리학회 ,미국 하와이 마우이섬 산불 참사,"['넘어…대피로는', '[이슈+]', '참사', '산불', '마우이섬', '하와이', '한국재난관리학회', '오직', '100명', '사망자']"
안보리 '北인권' 회의서도 '한미일 對 북중러' 재확인,한미일 3국 ,"린다 토머스 그린필드 주유엔 미국대사와 이시카네 기미히로(石兼公博) 일본대사, 그리고 '이해당사국' 자격으로 참석한 황준국 주유엔대사 등은 '북한 당국이 불법적인 대량살상무기(WMD)·탄도미사일 개발에 아무 걸림돌 없이 자원을 쏟아 부을 수 있는 간 주민들에 대한 구조적인 인권 탄압","['기미히로(石兼公博)', ""'北인권'"", ""북중러'"", '대량살상무기(WMD)·탄도미사일', '대한', ""'이해당사국'"", '간', ""'한미일"", '탄압', '이시카네']"
"러시아, 구글에 '가짜뉴스 미삭제' 혐의로 4000만원 벌금",애플과 위키미디어 재단,우크라이나 침공 ,"[""미삭제'"", '재단', ""'가짜뉴스"", '침공', '우크라이나', '위키미디어', '애플과', '벌금', '4000만원', '혐의로']"
"한국인 TV 끄라던 아기레, 낮 경기에 또 불만 ""이제 이강인 없다... 한국 우리 시장 아냐""",각 구단들,라리가 라커룸 중계 카메라 설치,"['""이제', '한국', '우리', '아냐""', '없다...', '각', '시장', '또', '낮', 'TV']"
"美, '북러 무기거래' 연루 러시아 기업 등 3개 기관 제재",북한 ,북한과 러시아 간 불법 무기 거래,"['美,', ""무기거래'"", '기관', ""'북러"", '거래', '기업', '간', '등', '러시아', '북한과']"
'편의점 왕국' 일본도 임대료·인건비 상승에 꺾였다 [김경민의 도쿄 혼네],드러그스토어,다테마에의 파편,"['임대료·인건비', ""왕국'"", '[김경민의', ""'편의점"", '파편', '다테마에의', '드러그스토어', '도쿄', '꺾였다', '상승에']"
저작권 소송서 이긴 엔씨 “IP 창작성 인정받아”…웹젠은 “항소할 것”,웹젠,저작권 침해 소송 ,"['인정받아”…웹젠은', '“항소할', '것”', '침해', '저작권', '웹젠', '창작성', '엔씨', '이긴', '소송서']"
"“러 탐사선 ‘루나-25’, 달 궤도 진입…21일 달 남극 착륙”",러시아 연방우주공사,제보하기,"['진입…21일', '착륙”', '‘루나-25’,', '달', '달', '제보하기', '연방우주공사', '러시아', '남극', '궤도']"
"""혼자만 천하태평"" 제롬, 각성했나…이혜영 '재혼 기운' 보냈다 (돌싱글즈4)",MBN,같은 방을 쓰는 룸메이트들이 동일한 상대에게 호감을 꽃피우는 얄궂은 운명,"['각성했나…이혜영', ""기운'"", '(돌싱글즈4)', 'MBN', '""혼자만', ""'재혼"", '천하태평""', '꽃피우는', '얄궂은', '보냈다']"
'2R 로빈 단 1패' 충북청주와 '다시 연승' 김포의 맞대결...K리그2 27라운드 프리뷰,한국프로축구연맹 ,닥공‘의 부재,"[""1패'"", '닥공‘의', '맞대결...K리그2', ""연승'"", ""'다시"", ""'2R"", '한국프로축구연맹', '프리뷰', '27라운드', '김포의']"
[글로컬 전북] 지역 소식 (고창·완주·남원),주민공동체,영산기맥 생태축이 복원,"['(고창·완주·남원)', '[글로컬', '지역', '복원', '생태축이', '영산기맥', '주민공동체', '소식', '전북]']"
"법원 “웹젠 R2M, 리니지M 표절”…엔씨 승소",웹젠,저작권 침해 소송,"['표절”…엔씨', '“웹젠', '법원', '소송', '저작권', '웹젠', '승소', '리니지M', '침해', 'R2M,']"
"포지션 변경 중인 한국가스공사 신승민, “단추는 잘 꿰맨 것 같다”",한국가스공사 ,신승민은 “수비는 작년에 경험이 있다. 하지만 공격은 아직도 어색하다. (웃음) 간결하고 타이밍을 뺏는 공격을 해야 한다. 하지만 아직도 4번의 움직임이 남아있다. 그 부분도 빨리 수정해야 한다”라며 공격에서의 아쉬움도 함께 말했다. 강혁 한국가스공사 ,"['같다”', '한다”라며', '남아있다.', '어색하다.', '말했다.', '“수비는', '“단추는', '(웃음)', '잘', '함께']"
"'자기계발' 진심인 MZ세대 직장인들…""플랫폼이 해결사""",팀민트의 디지털 마케팅 데이터 노하우가 다방면으로 접목돼 불필요한 업무를 단축시켜준다. 최고의 복지는 동료라는 말이 있다. 같이 일하는 동료는 직장인의 업무 수행은 물론 업무 만족도에 있어 매우 중요하다. 인재 검증 플랫폼 ,클래스101,"['직장인들…""플랫폼이', ""'자기계발'"", '중요하다.', '단축시켜준다.', '해결사""', '업무', '업무', '마케팅', '디지털', '있다.']"
[이동환의 앤드원] 농구 대표팀은 왜 광복절에 굴욕을 당해야 했나,대한민국농구협회,대형 사건,"['[이동환의', '앤드원]', '대형', '대한민국농구협회', '했나', '당해야', '굴욕을', '광복절에', '대표팀은', '농구']"
[대전소식] 시립박물관서 어린이 체험전시 '쏜살탐험대' 개막,대전시,일상을 효율적으로 살아가도록 도와주는 시간과 시간을 알려주는 시계,"[""'쏜살탐험대'"", '시계', '시간과', '도와주는', '살아가도록', '효율적으로', '일상을', '대전시', '개막', '체험전시']"
"조승우-최재림…볼 수 있을까? 뮤지컬 ‘오페라의 유령’ 3주 분량 티켓 오픈, 이번에도 피켓팅 전쟁",에스앤코,오페라의 유령,"['유령’', '조승우-최재림…볼', '‘오페라의', '전쟁', '유령', '오페라의', '에스앤코', '피켓팅', '이번에도', '티켓']"
'대한민국 황소 황희찬 vs 일본 적토마 미토마' 한일전 진검승부 펼쳐진다,브라이튼앤호브알비온스,미니 한일전,"[""미토마'"", ""'대한민국"", '일본', '한일전', '미니', '브라이튼앤호브알비온스', '펼쳐진다', '진검승부', '한일전', '적토마']"
"추경호 ""유류세 인하 10월까지 연장…상저하고 변함없다""(종합)",아시아개발은행,상저하고,"['연장…상저하고', '""유류세', '변함없다""(종합)', '상저하고', '아시아개발은행', '10월까지', '인하', '추경호']"
[새로 나온 책] 그리스도인으로 잘 사는 법,그리스도인,그리스도인에게 왜 고난이 올까,"['[새로', '잘', '올까', '고난이', '그리스도인에게', '그리스도인', '그리스도인으로', '나온', '법', '사는']"
"'거미집' 정수정, 70년대 라이징 스타 변신 ""한줄의 대사만 있어도 출연하고 싶었다""",한유림,"1970년대, 다 찍은 영화 ‘거미집’의 결말만 다시 찍으면 걸작이 될 거라 믿는 김감독(송강호)이 검열, 바뀐 내용을 이해하지 못하는 배우와 제작자 등 미치기 일보 직전의 악조건 속에서 촬영을 밀어붙이며 벌어지는 일들을 그리는 작품","['‘거미집’의', ""'거미집'"", '김감독(송강호)이', '싶었다""', '영화', '""한줄의', '일보', '스타', '있어도', '출연하고']"
"한기대 공용장비센터, 국제공인 시험기관 자격 '10년' 유지",산업통상자원부 국가기술표준원,yej@yna.co.kr,"['yej@yna.co.kr', ""'10년'"", '국가기술표준원', '산업통상자원부', '유지', '자격', '시험기관', '국제공인', '한기대', '공용장비센터,']"
"일본 7월 무역수지, 2개월만 적자 기록",일본 재무성,일본 도쿄 긴자 거리에서 시민들이 횡단보도를 건너고 있는 모습,"['일본', '일본', '일본', '기록', '횡단보도를', '시민들이', '거리에서', '긴자', '도쿄', '재무성']"
코란 모독에 성난 무슬림들이 태운 교회 집기,파키스탄 파이살라바드 인근 자란왈라에서 무슬림,자란왈라의 기독교인이 코란을 모독했다는 이유로 성난 무슬림들이 기독교 구역을 습격해 교회를 불태우고 여러 채의 집을 파손,"['파손', '집을', '모독에', '성난', '무슬림들이', '태운', '집기', '파키스탄', '파이살라바드', '인근']"
"러 ""우크라 군수 열차 폭격…美지원 스트라이커 4대도 파괴""",러시아군,러시아군이 우크라이나 동부 일대를 미사일로 공격해 우크라이나 군수 열차와 미국이 지원한 스트라이커 장갑차 등을 파괴,"['폭격…美지원', '""우크라', '러', '등을', '군수', '열차', '스트라이커', '4대도', '러시아군', '러시아군이']"
"‘임관식호’ 안산그리너스, 사령탑 교체 후 첫 홈 경기",안산그리너스FC가 새 사령탑의 지휘를 받는 첫 홈 경기에서 승리를 다짐했다.안산은 오는 19일 오후 7시 안산 와~스타디움에서 충남아산FC,안산그리너스FC가 새 사령탑의 지휘를 받는 첫 홈 경기에서 승리를 다짐했다.안산은 오는 19일 오후 7시 안산 와~스타디움에서 충남아산FC와 ‘하나원큐 K리그2 ,"['와~스타디움에서', '와~스타디움에서', '다짐했다.안산은', '다짐했다.안산은', '‘임관식호’', '‘하나원큐', '후', '첫', '첫', '첫']"
"25억 쓰길 잘했다, 한화 이렇게 사랑하고 헌신하는데…""돌아올 기회 주셔서 감사합니다""",SSG 랜더스,한승혁과 장민재가 나란히 부진해 선발 로테이션에서 이탈,"['헌신하는데…""돌아올', '이탈', '로테이션에서', '쓰길', '한화', '이렇게', '사랑하고', '기회', '주셔서', '25억']"
"‘KT 새 외국선수 에릭 3점 5리바운드’ 나이지리아, 말리에 뼈아픈 4쿼터 역전패",말리,세네갈에 이어 말리에도 패배한 나이지리아는 2패로 올림픽 사전자격예선을 마쳤다. A조 최하위에 머무르며 2024 파리 올림픽 최종예선 진출에 실패했다. # 사진_FIBA 제공,"['5리바운드’', '#', '실패했다.', '마쳤다.', '사진_FIBA', '‘KT', '올림픽', '올림픽', '4쿼터', '말리']"
"연세사랑병원, 개원 20주년 맞아 확장 이전",연세사랑병원 ,척추 질환의 정확한 진단을 돕고 감염관리를 위해 온도와 습도를 일정하게 유지할 수 있는 수술실 첨단 공조 시스템이 마련된다. 늘어나는 환자 수요에 따른 이동 편의를 위해 엘리베이터를 증설해 모두 6호기가 운영되며 환자 관리·안전을 위해 병동 간호 간병 서비스와 대리수술,"['관리·안전을', '마련된다.', '공조', '돕고', '일정하게', '시스템이', '따른', '이동', '진단을', '이전']"
"‘마지막큐 하이런10점’ 최완영, 김행직 정예성과 2차본선 진출…조명우 패자부활전行[월드3쿠션서바이벌]",조명우 ,월드3쿠션서바이벌 2023,"['진출…조명우', '하이런10점’', '패자부활전行[월드3쿠션서바이벌]', '‘마지막큐', '2023', '월드3쿠션서바이벌', '조명우', '2차본선', '정예성과', '김행직']"
잿더미 속 멀쩡한 딱 한채… 하와이 ‘빨간 지붕 집’의 비밀,존 펠레티에 마우이 카운티 경찰서장,하와이 산불 참사,"['한채…', '‘빨간', '딱', '속', '잿더미', '하와이', '경찰서장', '카운티', '마우이', '펠레티에']"
"휴젤 ""히알루론산 필러 '레볼렉스', 태국 품목허가 획득""",태국 식약청,hyun0@yna.co.kr,"['hyun0@yna.co.kr', '획득""', ""'레볼렉스',"", '""히알루론산', '태국', '품목허가', '태국', '필러', '휴젤', '식약청']"
"GS·OK 우승으로 마무리…외국인 감독들이 일으킨 ‘새바람’, 하위권 팀들의 ‘반란’ 예고",한국배구연맹,컵대회는 외국인 감독들의 새바람과 하위권 팀들의 반란 예고,"['GS·OK', '마무리…외국인', '‘반란’', '‘새바람’,', '우승으로', '감독들이', '일으킨', '하위권', '팀들의', '예고']"
"웰스파고 ""美 국채금리 상한선 근접...국채투자 막차 탑승 기회""",웰스파고,리먼 브러더스 사태,"['근접...국채투자', '기회""', '사태', '브러더스', '리먼', '웰스파고', '탑승', '막차', '상한선', '국채금리']"
"쎄보모빌리티, 2025년 인도네시아서 '소형 전기SUV' 만든다",한국,인도네시아 사업 추진에 탄력을 받은 상황.인도네시아 사업은 국산화와 현지화를 함께 고려해 진행하고 있다. 전기차의 핵심 부품인 모터 등 구동계 부품은 한국산을 적용한다. 인도네시아 현지 부품비율 40%를 맞추기 위해서는 현지 부품시장과 기술 상황 등을 파악하고 있으며 현지화를 통해 가격 경쟁력을 확보한다는 계획이다. 박영태 ,"[""전기SUV'"", '40%를', '상황.인도네시아', '적용한다.', '계획이다.', '한국', '함께', '사업', ""'소형"", '있다.']"
"‘제트엔진’ 상승세 임성재, PO 2차전 첫날 선두와 3타차… 김주형은 위기",잉글랜드,김경호 선임기자 jerome@kyunghyang.com,"['jerome@kyunghyang.com', '3타차…', '‘제트엔진’', '선임기자', '김경호', '잉글랜드', '김주형은', '선두와', '첫날', '2차전']"
"‘바닥부터 차근차근’, 발전하는 신인 주수빈 시즌 두 번째 톱10 도전","LPGA 투어, 유럽여자골프투어(LET), 유럽프로골프 DP월드투어",컷탈락 위기에 몰렸다.김경호 선임기자 jerome@kyunghyang.com,"['jerome@kyunghyang.com', '몰렸다.김경호', '유럽여자골프투어(LET),', '시즌', '‘바닥부터', '차근차근’,', '투어,', '번째', 'DP월드투어', '유럽프로골프']"
[AFTER THE PRACTICE GAME] 대표팀 막내 문정현의 대구 연습경기 소감,BASKETKOREA,BASKETKOREA는 2023~2024시즌을 앞둔 연습경기에서AFTER THE PRACTICE GAME,"['2023~2024시즌을', '[AFTER', '대표팀', 'PRACTICE', 'GAME', '앞둔', 'BASKETKOREA는', 'BASKETKOREA', '소감', '연습경기에서AFTER']"
"김승겸 합참의장, 판문점 도끼만행사건 희생자 추모",판문점 ,판문점 도끼만행사건 ,"['도끼만행사건', '판문점', '판문점', '추모', '희생자', '도끼만행사건', '판문점', '김승겸', '합참의장,']"
"더 나은 경기력 원하는 배병준 ""다음 경기, 나부터 앞장서겠다""",KBL 제공,FA로 합류한 새로운 핵심 가드 최성원이 존스컵 도중 부상으로 이탈하는 악재,"['""다음', '더', '경기,', '앞장서겠다""', '이탈하는', '악재', '가드', '핵심', '새로운', '합류한']"
"中 헝다, 美에서 파산보호 신청...해외 빚 털고 재기 노려",중국 ,채무불이행(디폴트)으로 2년 가까이 주식 거래가 중지됐던 중국 부동산 개발사 헝다(恒大·에버그란데)가 미국 법원에 파산 보호신청을 냈다. 이를 두고 중국의 부동산 위기,"['미국', '헝다(恒大·에버그란데)가', '중국', '중국', '주식', '부동산', '부동산', '채무불이행(디폴트)으로', '위기', '냈다.']"
"윤 대통령, 부친 발인···장례절차 마치고 오늘 출국",국민의힘 ,부친상 ,"['발인···장례절차', '부친상', '국민의힘', '출국', '마치고', '부친', '윤', '대통령,', '오늘']"
"""애플이 삼성 처음으로 제친다""",카운터포인트 리서치,"중국이 올해 2억7천만대로 줄어들면서 글로벌 스마트폰 판매 감소의 주요 원인으로 작용했다""고 말했다.북미 지역에서도 상반기에만 출하량이 두 자릿수 하락률을 보였다고 설명했다.보고서는 ""고용 시장의 강세와 인플레이션 하락","['설명했다.보고서는', '말했다.북미', '판매', '제친다""', '""애플이', '""고용', '작용했다""고', '글로벌', '두', '삼성']"
[씨줄날줄] 해녀 포럼/이동구 논설위원,해녀,"환경오염, 연안자원 보존 등 ","['포럼/이동구', '[씨줄날줄]', '등', '보존', '연안자원', '해녀', '논설위원', '해녀', '환경오염,']"
"불스원, 차량용 ‘듀얼코일 무선충전 거치대’ 출시",불스원,저소음 모터를 적용해 소음 걱정 없는 편안한 사용감을 제공하며 차량의 시동이 꺼진 상태에서도 약 3~4회 동작이 가능해 차량 시동의 여부와 상관없이 스마트폰을 거치대에서 분리할 수 있다. ,"['거치대’', '약', '3~4회', '‘듀얼코일', '차량', '차량용', '출시', '불스원', '저소음', '모터를']"
"최수연 네이버 대표 ""중소상공인 지원 규모 확대에 집중""",중소상공인,redflag@yna.co.kr,"['redflag@yna.co.kr', '대표', '집중""', '""중소상공인', '확대에', '네이버', '최수연', '중소상공인', '지원', '규모']"
"솔트룩스 자회사 플루닛, 50억 규모 유상증자 결정 [주목 e공시]",플루닛,기업과소비자간거래(B2C) ,"['기업과소비자간거래(B2C)', '[주목', '결정', 'e공시]', '플루닛', '유상증자', '50억', '자회사', '솔트룩스', '플루닛,']"
"[SC초점] ""前남친은 연예인""…산다라박·소유·핫펠트, 걸그룹 과감한 비밀연애 고백",2NE1 ,데뷔 후 5년간 연애 금지령이 내려져 문자로 사이버 연애,"['연예인""…산다라박·소유·핫펠트,', '""前남친은', '후', '연애', '2NE1', '걸그룹', '과감한', '비밀연애', '고백', '데뷔']"
"SKT, 5G IoT 경량화 기술 개발…AIoT 서비스 기반 마련",노키아·미디어텍,"웨어러블 기기, 커넥티드 자동차, 스마트 팩토리, CCTV 등 IoT 기기에 적합하다.","['적합하다.', '자동차,', '서비스', '개발…AIoT', '노키아·미디어텍', '기기,', 'SKT,', '팩토리,', '스마트', '커넥티드']"
"코트야드 메리어트 서울 타임스퀘어 호텔, 가을 피크닉 테마 ‘Chilled Autumn Bites’ 패키지 선봬",코트야드 메리어트 서울 타임스퀘어 호텔,Chilled Autumn Bites,"['Bites’', '‘Chilled', '서울', '서울', '호텔,', '호텔', '메리어트', '타임스퀘어', '가을', '피크닉']"
"다나카 ‘이 구역의 노래왕’ MC 발탁, 송가인과 노래 대결[공식]",TV CHOSUN,"‘한국 최고의 가수’가 꿈인 다나카가 대한민국 슈퍼스타들과 버스킹 무대를 걸고, 노래방 대결을 펼치는 음악 예능 프로그램","['노래왕’', '가수’가', 'MC', '음악', '‘한국', '대결[공식]', 'TV', '프로그램', '버스킹', '슈퍼스타들과']"
“심장이 몸 밖으로 튀어나왔잖아”…희귀병 7세 소년 ‘수술성공’,한국 병원과 후원단체,심장이소증,"['튀어나왔잖아”…희귀병', '“심장이', '‘수술성공’', '한국', '심장이소증', '소년', '7세', '밖으로', '후원단체', '병원과']"
박광온 “이재명 네 번째 검찰조사···잔인한 시대”,더불어민주당 ,경기 성남시 백현동 특혜 의혹,"['“이재명', '검찰조사···잔인한', '시대”', '네', '경기', '의혹', '특혜', '백현동', '성남시', '더불어민주당']"
"김포시, 김포골드라인 혼잡 개선..풍무동에 대형 '똑버스' 투입",서울시,김포골드라인 혼잡률 개선,"['개선..풍무동에', ""'똑버스'"", '개선', '혼잡률', '김포골드라인', '서울시', '투입', '대형', '혼잡', '김포골드라인']"
"금감원, 제11기 FSS 대학생 금융교육 봉사단 출범",금융감독원,"금융교육 표준강의안 활용법, 금융시장 관련 최근 이슈 ","['관련', '금융시장', '표준강의안', '금융교육', '금융감독원', '출범', '봉사단', '금융교육', '대학생', 'FSS']"
"섹터장 힘 실은 HL그룹, 책임경영 가속…조성현 부회장 승진 임명",그룹 인사혁신실,"원자재 가격 상승, 부동산 경기 위축 ","['가속…조성현', '부동산', '경기', '그룹', '가격', '위축', '부회장', '실은', '책임경영', '임명']"
"파수, UAE 사이버나이트와 중동 시장 공략 나서…성장 가능성 높아",사이버나이트,데이터 유출과 중요 정보 탈취 사건,"['나서…성장', '정보', '시장', '사건', '탈취', '중요', '유출과', '데이터', '사이버나이트', '높아']"
우즈 합류한 PGA투어의 앞날은?,사우디아라비아 국부펀드,외우내환,"['앞날은?', 'PGA투어의', '합류한', '우즈', '외우내환', '국부펀드', '사우디아라비아']"
차지연 단독콘서트에 절친 김호영-김해준-정선아 출격,㈜씨엘엔컴퍼니와 ㈜쇼노트,익스히비션 Exhibition’을 준비하고 있는 가운데 절친 배우와 연예인들이 잇따라 출연을 예고,"['Exhibition’을', '김호영-김해준-정선아', '출연을', '예고', '배우와', '절친', '가운데', '준비하고', '연예인들이', '익스히비션']"
세리머니 한번 못하고 1년 만에 ‘방출’...친정에서 재기 노리나,웨스트 햄,노팅엄 포레스트에서 세리머니 한번 못 하고 쫓겨,"['‘방출’...친정에서', '하고', '쫓겨', '노리나', '한번', '못하고', '1년', '만에', '재기', '웨스트']"
“민원 대응팀 신설·정서행동 위기학생 지원방안 마련하라”,교직원,정서행동 위기학생,"['신설·정서행동', '“민원', '마련하라”', '위기학생', '정서행동', '교직원', '지원방안', '위기학생', '대응팀']"
"[출근길 인터뷰] 여름감기 기승, 독감에 코로나까지…왜?",WHO,독감 ,"['[출근길', '코로나까지…왜?', '인터뷰]', '독감', 'WHO', '독감에', '여름감기', '기승,']"
"‘나는 SOLO’ 정숙은 영철, 상철은 영숙에 꽂혔다",SBS PLUS,모발이식 수술,"['SOLO’', 'SBS', '‘나는', '모발이식', 'PLUS', '꽂혔다', '영숙에', '상철은', '정숙은', '수술']"
"K리그 외국인 최다 득점 데얀, 25년 프로생활 마무리 ""한국에 감사""",프로축구연맹 ,프로축구연맹 제공 ,"['""한국에', '득점', '제공', '프로축구연맹', '프로축구연맹', '마무리', '프로생활', '25년', '최다', 'K리그']"
"임도헌호, 아시아선수권 출전 위해 16일 이란 출국…19일 방글라데시→21일 파키스탄 맞대결",대한배구협회,2023 제22회 아시아남자배구선수권대회,"['출국…19일', '이란', '2023', '대한배구협회', '맞대결', '파키스탄', '방글라데시→21일', '16일', '위해', '출전']"
올 추석엔 선물가액 상향 '당정 김영란법 시행령 개정 논의',국민의힘과 정부,김영란법,"[""논의'"", ""'당정"", '올', '정부', '김영란법', '국민의힘과', '개정', '시행령', '김영란법', '상향']"
4년간 국고보조금 12억 부정하게 타낸 사업주와 유령근로자들,현직 세무사,"사기, 보조금관리법위반 ","['세무사', '보조금관리법위반', '현직', '유령근로자들', '사업주와', '타낸', '부정하게', '12억', '국고보조금', '4년간']"
"올해 마약 중독자 치료 예산, 상반기 이미 동났다…90% 소진",보건복지부,마약투약 사범,"['동났다…90%', '치료', '예산,', '사범', '마약투약', '보건복지부', '소진', '이미', '상반기', '중독자']"
"하정우 ""'백두산' 촬영 후 두 무릎 잃어…연골 40% 잘라냈다""",한강 고수부지,무릎수술 ,"['잃어…연골', '""\'백두산\'', '촬영', '후', '40%', '잘라냈다""', '두', '무릎수술', '고수부지', '한강']"
"한샘, 인테리어 공사 보상판매 프로그램 첫 도입",한샘,주로 가구에 적용하는 보상 판매를 부엌·욕실·수납·창호·도어·중문 등 인테리어 공사 전반으로 폭넓게 적용한 프로그램,"['부엌·욕실·수납·창호·도어·중문', '공사', '공사', '프로그램', '프로그램', '등', '첫', '주로', '인테리어', '보상판매']"
"평등한 이들이 모여 만든 평면의 도시 [가자, 서쪽으로]",공화국,성 바르톨로뮤 축일 학살 사건,"['도시', '공화국', '[가자,', '서쪽으로]', '사건', '성', '학살', '축일', '바르톨로뮤', '평면의']"
"中외교부, 성장 둔화 우려에 ""중국 경제 강인, 서방이 위기 과장""",중국 외교부 ,전염병,"['""중국', '경제', '중국', '위기', '성장', '전염병', '외교부', '서방이', '우려에', '둔화']"
서울시 “개포택지개발지구 수변 특화 신속통합기획 추진”,서울시,통합 재건축,"['“개포택지개발지구', '통합', '재건축', '서울시', '신속통합기획', '특화', '수변', '서울시', '추진”']"
연세대 대우관 지나는 윤기중 명예교수 운구차량,연세대학교 대우관,윤석열 대통령 부친 윤기중 연세대 명예교수 운구 차량이 17일 고인이 재직했던 서울 서대문구 연세대학교 대우관을 지나고 있다. 2023.8.17/뉴스1,"['2023.8.17/뉴스1', '대통령', '서울', '윤기중', '대우관', '지나는', '윤기중', '명예교수', '운구차량', '연세대학교']"
"뇌파계 판결에…양의계 ""국민건강 위험"" vs 한의계 ""규제 철폐해야"" (종합)",한의협,한의사 뇌파계 사용' 소송,"['(종합)', '""국민건강', '판결에…양의계', ""사용'"", '철폐해야""', '""규제', '소송', '뇌파계', '한의사', '한의협']"
"24일 상장 시큐레터, 일반 투자자 대상 청약 경쟁률 1698대1",시큐레터,악성 행위 ,"['일반', '대상', '악성', '시큐레터', '1698대1', '경쟁률', '청약', '투자자', '상장', '24일']"
"""强달러·弱위안"" 원·달러 환율 연고점 1343원 터치",비구이위안,중국 대형 부동산 개발업체 비구이위안의 채무불이행(디폴트) 위기,"['""强달러·弱위안""', '채무불이행(디폴트)', '원·달러', '부동산', '중국', '위기', '비구이위안의', '개발업체', '대형', '비구이위안']"
"잉글랜드 여자월드컵 첫 결승, 개최국 호주 잡았다... '첫 우승' 놓고 스페인과 맞대결",호주,심판 판정,"[""우승'"", '잡았다...', ""'첫"", '첫', '놓고', '판정', '심판', '호주', '맞대결', '스페인과']"
"""눈에 보이는 게 전부가 아니다""…<보이지 않는 위협> 출간",대통령 직속 국방혁신위원회 ,각종 사건,"['아니다""…<보이지', '""눈에', '대통령', '위협>', '사건', '각종', '국방혁신위원회', '직속', '출간', '않는']"
"배지환, 재활 기간 20일 꽉 채우고 복귀하나?...21일까지 재활할 수 있어",피츠버그 파이리츠 ,왼쪽 발목에 통증,"['복귀하나?...21일까지', '꽉', '왼쪽', '기간', '발목에', '파이리츠', '피츠버그', '있어', '재활할', '채우고']"
꼴찌에서 승차 없는 3위로 수직 상승… 석달째 이어지는 KT 마법,KT 위즈,"부상자들이 많아 제대로 된 전력을 갖추지 못했는데, 이때 과감한 승부수를 띄우면서 부족했던 부분을 제대로 보강했다.KT 윌리엄 쿠에바스(오른쪽). /뉴스1 DB ⓒ News1 김민지 기자윌리엄 쿠에바스의 재영입, 이호연의 트레이드 영입","['보강했다.KT', '상승…', '/뉴스1', 'KT', 'KT', '영입', '전력을', '제대로', '많아', '부상자들이']"
동료 교직원 돈 34억원 가로채 호화생활…40대 부부 징역 7년 구형,대구법원 ,특정경제범죄가중처벌 등에 관한 법률 위반(사기)혐의,"['위반(사기)혐의', '호화생활…40대', '법률', '관한', '등에', '특정경제범죄가중처벌', '대구법원', '구형', '7년', '징역']"
[기자수첩] 제 발 저린 당국의 은행 가계대출 지적질,금융위,대출 장려 정책,"['정책', '제', '은행', '[기자수첩]', '발', '장려', '금융위', '지적질', '가계대출', '당국의']"
"'부활 성공' 류현진, 21일 신시내티 상대로 2연승 도전",신시내티,팔꿈치 인대 접합 수술,"[""성공'"", ""'부활"", '접합', '인대', '팔꿈치', '신시내티', '도전', '2연승', '상대로', '신시내티']"
"김희선 “집에서 4일 머리 안 감아 남편 불쌍, 방귀 안 터”→시댁 사랑 자랑(유퀴즈)[어제TV]",김희선,스킨십이 되게 많다. 제가 되게 적극적으로 오빠를 막 덮친다,"['“집에서', '터”→시댁', '자랑(유퀴즈)[어제TV]', '사랑', '안', '안', '막', '많다.', '머리', '4일']"
말레이시아 헬프대학교 주최 제 4회 한류 페스티벌 성황리에 마쳐,"한국농수산식품유통공사에서는 외국인들에게 인기가 높은 떡볶이, 김치볶음밥, 치킨 등을 무료로 시식할 수 있는 ‘Wonderful K-Food’ 부스를 운영했으며, 한국관광공사",코로나19 팬데믹,"['K-Food’', '‘Wonderful', '제', '페스티벌', '팬데믹', '높은', '헬프대학교', '주최', '4회', '한류']"
"‘이강인, 우리는 이번 시즌까지!’ PSG 잔류, 내년은 무조건 레알 마드리드!",레알 마드리드,음바페는 이번 여름 이적을 선언하면서 PSG와 관계가 틀어졌고 돌이킬 수 없는 상황을 맞았다,"['이번', '이번', '맞았다', '우리는', 'PSG', '내년은', '무조건', '레알', '레알', '마드리드']"
황준호 다올투자증권 대표 '노 엑시트' 마약 근절 캠페인 참여,경찰청과 마약퇴치운동본부,마약 ,"[""엑시트'"", '참여', '대표', '마약', '마약퇴치운동본부', '경찰청과', '캠페인', '근절', '마약', '다올투자증권']"
"'슈터 유망주 고찬혁 맹활약' KGC, 존스컵 4번째 경기서 일본 대학 선발 제압",KBL 제공,KBL 제공,"[""맹활약'"", '대학', ""'슈터"", '일본', '제공', 'KBL', '제공', 'KBL', '제압', '선발']"
